order_id,order_date,product_id,region,units,revenue
O00328,2025-01-01,P05,South,3,120000
O01536,2025-01-01,P05,West,3,120000
O01532,2025-01-01,P11,East,4,18000
O00508,2025-01-01,P08,West,2,5000
O03358,2025-01-01,P07,West,2,12000
O01516,2025-01-01,P03,North,1,4000
O02429,2025-01-01,P11,East,4,18000
O03799,2025-01-02,P11,South,3,13500
O01156,2025-01-02,P07,West,1,6000
O03738,2025-01-02,P02,East,4,120000
O02518,2025-01-02,P01,West,4,220000
O01686,2025-01-02,P11,East,1,4500
O02255,2025-01-02,P01,East,2,110000
O02893,2025-01-02,P09,West,4,3200
O03981,2025-01-02,P08,South,2,5000
O01576,2025-01-02,P05,North,4,160000
O00284,2025-01-02,P08,South,3,7500
O01938,2025-01-03,P03,South,4,16000
O02119,2025-01-03,P04,North,3,75000
O01871,2025-01-03,P11,North,2,9000
O01520,2025-01-03,P03,East,2,8000
O01345,2025-01-03,P01,East,1,55000
O03157,2025-01-03,P10,West,1,2200
O03759,2025-01-03,P03,West,2,8000
O03134,2025-01-03,P05,East,4,160000
O02365,2025-01-03,P06,South,1,12000
O03187,2025-01-03,P06,West,4,48000
O03322,2025-01-03,P11,East,4,18000
O00484,2025-01-03,P03,North,4,16000
O00022,2025-01-03,P06,West,4,48000
O00234,2025-01-04,P11,West,1,4500
O01740,2025-01-04,P04,North,1,25000
O03963,2025-01-04,P06,West,3,36000
O03124,2025-01-04,P12,West,2,7000
O03270,2025-01-04,P10,West,2,4400
O03716,2025-01-04,P05,West,2,80000
O01444,2025-01-04,P11,West,2,9000
O03285,2025-01-04,P05,West,4,160000
O02468,2025-01-04,P09,East,2,1600
O03748,2025-01-04,P03,West,3,12000
O02963,2025-01-04,P09,South,1,800
O03499,2025-01-05,P11,South,4,18000
O02172,2025-01-05,P05,South,1,40000
O00371,2025-01-05,P02,South,4,120000
O01344,2025-01-05,P05,South,3,120000
O00962,2025-01-05,P10,East,3,6600
O01293,2025-01-05,P06,East,1,12000
O03826,2025-01-05,P06,North,1,12000
O02228,2025-01-06,P12,East,4,14000
O02484,2025-01-06,P12,North,3,10500
O00899,2025-01-06,P05,North,2,80000
O00887,2025-01-06,P03,South,1,4000
O03906,2025-01-06,P06,West,4,48000
O01659,2025-01-06,P08,North,1,2500
O02910,2025-01-06,P07,North,3,18000
O02921,2025-01-06,P10,North,2,4400
O01847,2025-01-06,P10,South,2,4400
O00227,2025-01-06,P04,East,4,100000
O03232,2025-01-07,P07,East,2,12000
O00764,2025-01-07,P07,North,4,24000
O02908,2025-01-07,P01,West,3,165000
O02291,2025-01-07,P07,South,1,6000
O01548,2025-01-07,P10,North,2,4400
O00988,2025-01-07,P02,East,2,60000
O01891,2025-01-07,P04,West,2,50000
O02266,2025-01-07,P12,East,4,14000
O02992,2025-01-08,P07,West,2,12000
O01858,2025-01-08,P11,East,1,4500
O01518,2025-01-08,P11,South,4,18000
O01887,2025-01-08,P12,South,4,14000
O00833,2025-01-08,P03,North,4,16000
O01983,2025-01-08,P09,West,2,1600
O02647,2025-01-08,P09,West,2,1600
O01289,2025-01-08,P02,West,4,120000
O03844,2025-01-08,P08,East,2,5000
O03733,2025-01-08,P04,East,1,25000
O02125,2025-01-09,P12,West,2,7000
O00181,2025-01-09,P07,East,1,6000
O01359,2025-01-09,P11,South,2,9000
O01032,2025-01-09,P04,East,1,25000
O02411,2025-01-09,P07,West,2,12000
O00724,2025-01-09,P07,South,3,18000
O00470,2025-01-09,P07,East,2,12000
O01656,2025-01-09,P04,North,1,25000
O03999,2025-01-09,P11,East,1,4500
O03726,2025-01-09,P01,East,1,55000
O03718,2025-01-09,P12,South,3,10500
O03380,2025-01-09,P09,East,4,3200
O03773,2025-01-09,P06,South,2,24000
O01913,2025-01-10,P05,West,3,120000
O02236,2025-01-10,P02,East,1,30000
O00307,2025-01-10,P04,North,4,100000
O03569,2025-01-10,P02,West,2,60000
O01207,2025-01-10,P09,West,3,2400
O00100,2025-01-10,P10,North,3,6600
O00876,2025-01-10,P02,East,3,90000
O01398,2025-01-10,P10,East,2,4400
O02404,2025-01-10,P11,West,2,9000
O03337,2025-01-10,P03,West,3,12000
O03138,2025-01-10,P03,East,2,8000
O00542,2025-01-10,P10,North,4,8800
O03750,2025-01-10,P02,East,2,60000
O03214,2025-01-11,P09,West,4,3200
O00173,2025-01-12,P08,North,3,7500
O01019,2025-01-12,P09,North,1,800
O00912,2025-01-12,P08,East,2,5000
O01978,2025-01-12,P02,East,1,30000
O02726,2025-01-12,P01,East,4,220000
O01177,2025-01-12,P04,West,2,50000
O00754,2025-01-12,P10,South,2,4400
O03228,2025-01-12,P03,West,3,12000
O01825,2025-01-12,P12,North,3,10500
O03383,2025-01-12,P01,South,3,165000
O02356,2025-01-12,P12,North,3,10500
O00030,2025-01-12,P10,North,4,8800
O03957,2025-01-12,P05,North,2,80000
O01593,2025-01-12,P03,North,3,12000
O00412,2025-01-12,P07,North,1,6000
O03304,2025-01-12,P09,East,1,800
O02727,2025-01-12,P05,South,3,120000
O02671,2025-01-13,P11,North,3,13500
O03344,2025-01-13,P06,East,2,24000
O01484,2025-01-13,P10,West,1,2200
O00032,2025-01-13,P04,North,4,100000
O02757,2025-01-13,P08,East,3,7500
O01193,2025-01-13,P06,South,3,36000
O03502,2025-01-13,P06,West,3,36000
O01814,2025-01-13,P11,South,3,13500
O03810,2025-01-14,P12,South,4,14000
O01480,2025-01-14,P12,North,4,14000
O01426,2025-01-14,P01,North,4,220000
O03343,2025-01-14,P11,West,1,4500
O01700,2025-01-14,P07,North,4,24000
O03755,2025-01-14,P10,West,1,2200
O01083,2025-01-14,P11,East,2,9000
O02042,2025-01-14,P04,North,3,75000
O02043,2025-01-14,P09,North,2,1600
O02074,2025-01-14,P06,East,2,24000
O00185,2025-01-14,P08,North,1,2500
O01821,2025-01-14,P07,South,3,18000
O03310,2025-01-14,P03,North,4,16000
O03551,2025-01-14,P06,South,2,24000
O02656,2025-01-14,P01,East,1,55000
O02754,2025-01-14,P04,West,1,25000
O02531,2025-01-14,P02,East,3,90000
O02713,2025-01-14,P10,South,3,6600
O02935,2025-01-14,P01,East,3,165000
O03234,2025-01-14,P12,East,1,3500
O03913,2025-01-14,P06,East,1,12000
O02390,2025-01-15,P02,East,3,90000
O00579,2025-01-15,P08,East,4,10000
O02248,2025-01-15,P03,South,3,12000
O00599,2025-01-15,P04,West,3,75000
O03339,2025-01-15,P06,West,3,36000
O01618,2025-01-15,P02,West,3,90000
O01008,2025-01-15,P08,East,3,7500
O00450,2025-01-15,P03,South,2,8000
O01956,2025-01-15,P12,North,2,7000
O00123,2025-01-16,P01,West,1,55000
O02703,2025-01-16,P10,South,1,2200
O00851,2025-01-16,P09,East,1,800
O03495,2025-01-16,P04,East,1,25000
O01889,2025-01-16,P04,North,3,75000
O02216,2025-01-16,P11,South,2,9000
O01009,2025-01-16,P09,West,1,800
O01869,2025-01-16,P07,West,2,12000
O02335,2025-01-16,P01,East,1,55000
O03019,2025-01-16,P04,East,3,75000
O02395,2025-01-16,P12,East,4,14000
O00012,2025-01-16,P07,East,1,6000
O01677,2025-01-16,P10,South,3,6600
O01765,2025-01-16,P11,South,4,18000
O00513,2025-01-16,P12,South,2,7000
O03465,2025-01-16,P11,West,2,9000
O01239,2025-01-17,P06,South,4,48000
O01949,2025-01-17,P06,East,4,48000
O00554,2025-01-17,P04,North,2,50000
O00243,2025-01-17,P01,North,2,110000
O03564,2025-01-17,P03,South,4,16000
O01727,2025-01-17,P03,West,1,4000
O03430,2025-01-17,P05,West,2,80000
O03127,2025-01-17,P01,West,3,165000
O02377,2025-01-17,P06,South,4,48000
O00179,2025-01-17,P03,South,3,12000
O02601,2025-01-17,P07,East,4,24000
O00844,2025-01-17,P09,South,2,1600
O00126,2025-01-18,P09,West,2,1600
O03907,2025-01-18,P10,North,3,6600
O02461,2025-01-18,P06,West,3,36000
O02672,2025-01-19,P12,East,1,3500
O01902,2025-01-19,P09,West,3,2400
O03677,2025-01-19,P01,South,4,220000
O03486,2025-01-19,P12,South,4,14000
O00730,2025-01-19,P01,East,4,220000
O00365,2025-01-19,P07,North,1,6000
O01662,2025-01-19,P10,East,2,4400
O00186,2025-01-19,P12,West,3,10500
O02070,2025-01-19,P03,South,1,4000
O00322,2025-01-19,P09,East,1,800
O03202,2025-01-19,P03,North,3,12000
O00576,2025-01-20,P01,West,4,220000
O03631,2025-01-20,P02,North,2,60000
O02289,2025-01-20,P04,North,2,50000
O03321,2025-01-20,P01,East,1,55000
O01739,2025-01-20,P04,North,1,25000
O01820,2025-01-20,P02,West,2,60000
O00224,2025-01-21,P07,East,2,12000
O00397,2025-01-21,P07,South,2,12000
O00278,2025-01-21,P01,North,4,220000
O00223,2025-01-21,P06,West,4,48000
O00832,2025-01-21,P08,West,3,7500
O03519,2025-01-21,P02,South,2,60000
O00188,2025-01-21,P11,West,4,18000
O02675,2025-01-21,P11,East,1,4500
O02685,2025-01-21,P03,North,2,8000
O02211,2025-01-21,P10,East,3,6600
O01209,2025-01-21,P10,West,4,8800
O01382,2025-01-21,P04,South,4,100000
O03804,2025-01-21,P12,South,1,3500
O02361,2025-01-21,P01,North,3,165000
O01195,2025-01-21,P05,East,2,80000
O00249,2025-01-22,P09,East,2,1600
O01357,2025-01-22,P06,South,3,36000
O03732,2025-01-22,P08,North,4,10000
O00694,2025-01-22,P04,West,4,100000
O02066,2025-01-22,P11,South,4,18000
O03471,2025-01-22,P01,West,2,110000
O02945,2025-01-22,P04,South,2,50000
O01784,2025-01-22,P09,South,4,3200
O01729,2025-01-22,P06,South,2,24000
O03883,2025-01-22,P11,South,1,4500
O00983,2025-01-23,P12,East,2,7000
O00763,2025-01-23,P10,North,2,4400
O01610,2025-01-23,P02,North,1,30000
O01224,2025-01-23,P12,East,3,10500
O03126,2025-01-23,P07,South,2,12000
O02443,2025-01-23,P12,North,4,14000
O01307,2025-01-23,P03,West,3,12000
O03152,2025-01-23,P07,East,2,12000
O01763,2025-01-23,P11,South,3,13500
O00310,2025-01-23,P02,West,2,60000
O00521,2025-01-23,P03,West,3,12000
O01366,2025-01-23,P12,North,3,10500
O00320,2025-01-24,P05,South,2,80000
O01341,2025-01-24,P03,North,2,8000
O01243,2025-01-24,P07,East,4,24000
O00511,2025-01-24,P08,West,2,5000
O01327,2025-01-24,P11,North,1,4500
O03887,2025-01-24,P02,East,3,90000
O01375,2025-01-24,P08,South,4,10000
O02170,2025-01-24,P01,North,3,165000
O01742,2025-01-24,P09,West,2,1600
O03347,2025-01-24,P04,South,4,100000
O03031,2025-01-24,P06,North,1,12000
O01876,2025-01-24,P05,West,1,40000
O03816,2025-01-25,P02,South,4,120000
O01159,2025-01-25,P11,West,4,18000
O00938,2025-01-25,P09,West,3,2400
O01157,2025-01-25,P09,South,1,800
O00536,2025-01-25,P07,North,1,6000
O02687,2025-01-25,P09,East,2,1600
O02808,2025-01-25,P03,West,2,8000
O01306,2025-01-25,P04,South,1,25000
O02457,2025-01-25,P01,South,4,220000
O02856,2025-01-25,P04,East,2,50000
O02200,2025-01-25,P08,East,4,10000
O03165,2025-01-25,P12,West,2,7000
O00507,2025-01-25,P10,North,1,2200
O01862,2025-01-26,P09,East,2,1600
O00196,2025-01-26,P02,North,1,30000
O01845,2025-01-26,P03,South,4,16000
O01314,2025-01-26,P12,West,2,7000
O02633,2025-01-27,P08,East,3,7500
O00799,2025-01-27,P10,East,3,6600
O01720,2025-01-27,P04,West,1,25000
O01679,2025-01-27,P07,South,3,18000
O00928,2025-01-27,P10,South,3,6600
O00716,2025-01-27,P07,East,4,24000
O03630,2025-01-27,P05,North,2,80000
O03076,2025-01-27,P02,West,4,120000
O01568,2025-01-27,P11,East,4,18000
O01430,2025-01-27,P01,West,2,110000
O00836,2025-01-27,P07,East,4,24000
O03331,2025-01-28,P09,North,1,800
O02613,2025-01-28,P01,South,3,165000
O02088,2025-01-28,P05,South,2,80000
O02739,2025-01-28,P07,West,2,12000
O02986,2025-01-28,P05,East,3,120000
O00862,2025-01-28,P05,North,3,120000
O01387,2025-01-28,P04,South,3,75000
O02546,2025-01-28,P10,East,3,6600
O00422,2025-01-28,P03,West,1,4000
O00587,2025-01-28,P04,West,4,100000
O02753,2025-01-28,P08,South,4,10000
O03245,2025-01-29,P09,South,2,1600
O02879,2025-01-29,P12,North,1,3500
O02901,2025-01-29,P03,West,3,12000
O01817,2025-01-29,P09,North,4,3200
O03558,2025-01-29,P12,West,3,10500
O01674,2025-01-29,P08,East,3,7500
O03565,2025-01-29,P08,South,3,7500
O03951,2025-01-29,P09,North,1,800
O01429,2025-01-29,P05,South,3,120000
O02192,2025-01-29,P12,East,4,14000
O02822,2025-01-30,P01,South,1,55000
O02950,2025-01-30,P07,South,3,18000
O03225,2025-01-30,P01,South,2,110000
O03669,2025-01-30,P03,North,3,12000
O03146,2025-01-30,P08,West,1,2500
O02089,2025-01-30,P06,West,2,24000
O03862,2025-01-30,P07,North,1,6000
O00995,2025-01-30,P12,West,4,14000
O01395,2025-01-30,P12,North,3,10500
O02168,2025-01-30,P02,East,3,90000
O02224,2025-01-30,P07,West,3,18000
O01621,2025-01-30,P02,South,3,90000
O00580,2025-01-31,P06,East,2,24000
O02584,2025-01-31,P06,West,4,48000
O03539,2025-01-31,P11,East,4,18000
O01770,2025-01-31,P05,West,2,80000
O00299,2025-01-31,P12,North,2,7000
O03466,2025-01-31,P06,West,3,36000
O03362,2025-01-31,P08,North,2,5000
O03636,2025-01-31,P07,South,4,24000
O01448,2025-01-31,P03,North,2,8000
O00149,2025-01-31,P09,East,4,3200
O02812,2025-01-31,P06,North,1,12000
O03017,2025-02-01,P07,South,3,18000
O00043,2025-02-01,P06,South,1,12000
O01619,2025-02-01,P02,East,2,60000
O01573,2025-02-01,P03,South,1,4000
O03509,2025-02-01,P02,South,1,30000
O02533,2025-02-01,P07,West,4,24000
O01172,2025-02-01,P08,South,3,7500
O00628,2025-02-01,P03,North,2,8000
O00717,2025-02-01,P05,North,4,160000
O01132,2025-02-01,P04,West,4,100000
O00791,2025-02-01,P08,South,1,2500
O02761,2025-02-01,P08,North,4,10000
O02057,2025-02-01,P12,North,1,3500
O03271,2025-02-02,P07,North,2,12000
O02853,2025-02-02,P04,South,3,75000
O02770,2025-02-02,P12,South,3,10500
O03982,2025-02-02,P03,West,2,8000
O03888,2025-02-02,P11,West,3,13500
O03081,2025-02-02,P04,East,3,75000
O00399,2025-02-02,P03,East,1,4000
O03705,2025-02-02,P11,East,4,18000
O02501,2025-02-02,P03,West,4,16000
O00000,2025-02-02,P12,South,3,10500
O00338,2025-02-02,P01,North,4,220000
O00160,2025-02-02,P04,East,3,75000
O00360,2025-02-03,P07,East,2,12000
O02290,2025-02-03,P08,West,4,10000
O02383,2025-02-03,P01,South,4,220000
O03976,2025-02-03,P08,West,3,7500
O03419,2025-02-03,P11,East,1,4500
O01320,2025-02-03,P06,South,2,24000
O03002,2025-02-03,P02,South,4,120000
O03838,2025-02-03,P04,North,4,100000
O02323,2025-02-03,P12,North,3,10500
O03662,2025-02-04,P03,West,2,8000
O01196,2025-02-04,P07,North,4,24000
O00174,2025-02-04,P04,West,3,75000
O03008,2025-02-04,P06,South,2,24000
O00373,2025-02-04,P06,East,4,48000
O00148,2025-02-04,P07,East,3,18000
O00745,2025-02-04,P07,East,2,12000
O01026,2025-02-04,P09,West,1,800
O00571,2025-02-04,P11,East,1,4500
O00082,2025-02-04,P09,South,3,2400
O01003,2025-02-04,P02,East,4,120000
O03518,2025-02-04,P08,East,4,10000
O00871,2025-02-04,P12,West,3,10500
O02983,2025-02-04,P03,East,3,12000
O02702,2025-02-05,P01,East,2,110000
O01782,2025-02-05,P07,South,4,24000
O00602,2025-02-05,P05,South,1,40000
O02399,2025-02-05,P05,West,4,160000
O00945,2025-02-05,P03,West,2,8000
O03263,2025-02-05,P02,East,1,30000
O00868,2025-02-05,P05,West,4,160000
O02368,2025-02-05,P01,East,3,165000
O02964,2025-02-05,P10,North,3,6600
O00047,2025-02-05,P10,North,4,8800
O01455,2025-02-05,P07,South,4,24000
O02960,2025-02-05,P07,North,3,18000
O01045,2025-02-05,P03,North,3,12000
O03064,2025-02-05,P11,North,3,13500
O00506,2025-02-05,P08,South,3,7500
O01386,2025-02-05,P03,East,1,4000
O02847,2025-02-05,P12,West,4,14000
O02287,2025-02-06,P11,South,1,4500
O01996,2025-02-06,P02,West,3,90000
O00129,2025-02-06,P03,West,4,16000
O03100,2025-02-06,P04,West,4,100000
O01937,2025-02-06,P05,East,3,120000
O01295,2025-02-06,P06,North,3,36000
O01305,2025-02-06,P01,North,3,165000
O01816,2025-02-06,P08,South,4,10000
O02664,2025-02-07,P03,East,1,4000
O00315,2025-02-07,P11,South,3,13500
O00562,2025-02-07,P08,North,4,10000
O03184,2025-02-07,P12,East,2,7000
O01427,2025-02-07,P06,South,2,24000
O02995,2025-02-07,P11,East,3,13500
O00319,2025-02-07,P12,East,1,3500
O02286,2025-02-07,P02,West,3,90000
O01214,2025-02-07,P06,South,1,12000
O03278,2025-02-07,P07,West,3,18000
O00978,2025-02-07,P10,East,3,6600
O03475,2025-02-07,P03,West,1,4000
O00114,2025-02-08,P08,South,3,7500
O01048,2025-02-08,P11,East,4,18000
O02221,2025-02-08,P06,East,4,48000
O03352,2025-02-08,P12,West,1,3500
O01251,2025-02-08,P08,West,2,5000
O00037,2025-02-08,P04,East,4,100000
O03691,2025-02-09,P12,East,2,7000
O00550,2025-02-09,P07,South,1,6000
O00671,2025-02-09,P05,South,1,40000
O03025,2025-02-09,P01,West,1,55000
O01060,2025-02-09,P12,West,1,3500
O01669,2025-02-09,P05,North,3,120000
O00070,2025-02-09,P12,West,4,14000
O00761,2025-02-09,P11,East,2,9000
O02474,2025-02-09,P02,North,2,60000
O01202,2025-02-09,P06,West,3,36000
O02670,2025-02-09,P04,South,4,100000
O02138,2025-02-09,P07,South,4,24000
O03800,2025-02-09,P08,East,2,5000
O02076,2025-02-10,P10,North,1,2200
O03625,2025-02-10,P05,South,4,160000
O00327,2025-02-10,P05,North,4,160000
O00926,2025-02-10,P03,East,4,16000
O02316,2025-02-10,P10,East,4,8800
O01962,2025-02-10,P09,West,2,1600
O02814,2025-02-10,P01,East,2,110000
O03719,2025-02-10,P10,West,4,8800
O02902,2025-02-10,P08,North,3,7500
O02989,2025-02-11,P05,North,4,160000
O03098,2025-02-11,P12,North,1,3500
O03602,2025-02-11,P02,South,4,120000
O02823,2025-02-11,P04,North,2,50000
O03829,2025-02-11,P03,North,2,8000
O01046,2025-02-11,P03,West,2,8000
O02900,2025-02-11,P01,East,4,220000
O02538,2025-02-11,P06,East,1,12000
O02844,2025-02-11,P05,West,4,160000
O00625,2025-02-11,P04,North,3,75000
O02413,2025-02-11,P08,South,3,7500
O00348,2025-02-11,P01,North,2,110000
O03212,2025-02-11,P10,South,4,8800
O00589,2025-02-12,P04,West,2,50000
O01470,2025-02-12,P11,North,1,4500
O01215,2025-02-12,P09,East,1,800
O03998,2025-02-12,P06,West,1,12000
O02227,2025-02-12,P04,East,1,25000
O01119,2025-02-12,P12,East,1,3500
O01451,2025-02-12,P05,West,4,160000
O00486,2025-02-12,P08,South,2,5000
O02820,2025-02-13,P05,East,3,120000
O03058,2025-02-13,P01,South,3,165000
O00159,2025-02-13,P04,East,1,25000
O02120,2025-02-13,P06,North,2,24000
O03657,2025-02-13,P11,South,3,13500
O03684,2025-02-13,P01,South,3,165000
O02813,2025-02-13,P01,West,3,165000
O02819,2025-02-13,P08,East,3,7500
O01274,2025-02-13,P02,North,2,60000
O02274,2025-02-13,P06,West,1,12000
O00723,2025-02-13,P03,North,2,8000
O01225,2025-02-13,P11,East,1,4500
O00770,2025-02-13,P08,North,1,2500
O03453,2025-02-13,P12,South,2,7000
O03964,2025-02-13,P12,West,3,10500
O02872,2025-02-14,P04,North,3,75000
O01278,2025-02-14,P06,North,3,36000
O03417,2025-02-14,P07,West,4,24000
O00990,2025-02-14,P04,West,4,100000
O00092,2025-02-14,P03,West,3,12000
O00172,2025-02-14,P02,East,2,60000
O01973,2025-02-14,P02,North,1,30000
O00940,2025-02-14,P02,West,3,90000
O02242,2025-02-15,P08,West,4,10000
O01369,2025-02-15,P09,West,1,800
O02068,2025-02-15,P10,West,1,2200
O03217,2025-02-15,P12,East,3,10500
O03559,2025-02-15,P10,West,4,8800
O00921,2025-02-15,P02,East,1,30000
O03467,2025-02-15,P10,North,3,6600
O02123,2025-02-15,P04,North,1,25000
O01380,2025-02-15,P07,South,1,6000
O00191,2025-02-15,P10,East,3,6600
O01288,2025-02-15,P06,West,3,36000
O02997,2025-02-15,P05,West,1,40000
O00354,2025-02-15,P06,East,1,12000
O01252,2025-02-15,P10,East,3,6600
O00593,2025-02-16,P07,North,1,6000
O02137,2025-02-16,P12,North,4,14000
O02401,2025-02-16,P06,North,1,12000
O00219,2025-02-16,P05,East,4,160000
O02376,2025-02-16,P05,North,2,80000
O00398,2025-02-16,P11,South,1,4500
O00034,2025-02-16,P06,West,3,36000
O00620,2025-02-16,P03,East,2,8000
O01829,2025-02-16,P05,East,2,80000
O03229,2025-02-16,P10,South,2,4400
O00690,2025-02-16,P01,South,3,165000
O02033,2025-02-16,P01,West,2,110000
O01300,2025-02-16,P09,West,4,3200
O01989,2025-02-16,P11,South,2,9000
O00668,2025-02-16,P02,West,3,90000
O00096,2025-02-17,P01,East,1,55000
O02485,2025-02-17,P03,West,1,4000
O00659,2025-02-17,P01,South,1,55000
O02954,2025-02-17,P04,North,2,50000
O01945,2025-02-17,P06,West,3,36000
O02507,2025-02-17,P10,North,4,8800
O02815,2025-02-17,P09,North,2,1600
O01352,2025-02-17,P06,North,4,48000
O03207,2025-02-17,P02,North,4,120000
O00391,2025-02-17,P07,South,1,6000
O02204,2025-02-17,P03,North,1,4000
O03318,2025-02-17,P02,South,2,60000
O00443,2025-02-17,P08,West,1,2500
O01441,2025-02-18,P12,South,2,7000
O00606,2025-02-18,P02,North,2,60000
O00091,2025-02-18,P02,West,3,90000
O02056,2025-02-18,P04,West,2,50000
O00363,2025-02-18,P02,East,2,60000
O01728,2025-02-18,P06,North,3,36000
O00881,2025-02-18,P04,South,3,75000
O02673,2025-02-18,P05,West,1,40000
O00714,2025-02-19,P09,South,1,800
O02093,2025-02-19,P12,South,3,10500
O02591,2025-02-19,P07,South,3,18000
O02718,2025-02-19,P04,East,1,25000
O01778,2025-02-19,P09,South,3,2400
O03498,2025-02-19,P04,West,3,75000
O02513,2025-02-19,P05,West,4,160000
O00132,2025-02-19,P01,South,3,165000
O01446,2025-02-19,P12,South,2,7000
O03520,2025-02-19,P06,North,2,24000
O01184,2025-02-20,P06,West,4,48000
O03936,2025-02-20,P01,North,2,110000
O03494,2025-02-20,P09,North,4,3200
O03632,2025-02-20,P02,East,3,90000
O02751,2025-02-20,P12,East,3,10500
O01714,2025-02-20,P12,East,4,14000
O00150,2025-02-20,P12,North,4,14000
O00238,2025-02-21,P04,West,2,50000
O00766,2025-02-21,P07,North,4,24000
O00025,2025-02-21,P04,South,1,25000
O02936,2025-02-21,P12,North,3,10500
O03676,2025-02-21,P04,North,1,25000
O00699,2025-02-21,P04,West,3,75000
O03334,2025-02-21,P01,West,3,165000
O03484,2025-02-21,P07,South,2,12000
O00021,2025-02-21,P09,West,1,800
O00709,2025-02-21,P07,East,2,12000
O00102,2025-02-21,P10,North,2,4400
O03237,2025-02-21,P02,South,2,60000
O00136,2025-02-21,P09,North,2,1600
O01324,2025-02-21,P09,West,2,1600
O02881,2025-02-22,P11,East,4,18000
O03740,2025-02-22,P05,East,1,40000
O00090,2025-02-22,P03,South,1,4000
O02635,2025-02-22,P11,East,3,13500
O01691,2025-02-22,P04,South,4,100000
O01257,2025-02-22,P05,East,2,80000
O03758,2025-02-22,P10,East,1,2200
O01488,2025-02-22,P02,North,4,120000
O01588,2025-02-22,P11,North,1,4500
O01935,2025-02-22,P07,North,2,12000
O01397,2025-02-22,P03,East,1,4000
O00056,2025-02-22,P12,North,1,3500
O02987,2025-02-22,P02,East,1,30000
O02397,2025-02-22,P07,North,2,12000
O01682,2025-02-22,P06,East,3,36000
O01987,2025-02-22,P03,South,3,12000
O02724,2025-02-23,P09,South,3,2400
O01667,2025-02-23,P11,West,4,18000
O00212,2025-02-23,P11,East,1,4500
O01585,2025-02-23,P03,East,2,8000
O03129,2025-02-23,P07,East,4,24000
O02336,2025-02-23,P04,South,3,75000
O00115,2025-02-23,P08,South,4,10000
O03444,2025-02-23,P04,East,4,100000
O03765,2025-02-23,P09,West,3,2400
O02370,2025-02-23,P08,South,3,7500
O00241,2025-02-24,P05,North,1,40000
O03607,2025-02-24,P11,East,3,13500
O01037,2025-02-24,P06,North,2,24000
O00633,2025-02-24,P05,South,3,120000
O02472,2025-02-24,P10,North,4,8800
O00347,2025-02-24,P11,West,3,13500
O02721,2025-02-24,P10,West,2,4400
O00375,2025-02-24,P02,South,4,120000
O01789,2025-02-25,P01,North,3,165000
O00810,2025-02-25,P07,West,1,6000
O03078,2025-02-25,P09,East,4,3200
O02512,2025-02-25,P09,West,3,2400
O01792,2025-02-25,P08,South,1,2500
O02784,2025-02-25,P09,East,3,2400
O02831,2025-02-25,P06,East,3,36000
O01806,2025-02-25,P04,West,3,75000
O01941,2025-02-25,P02,West,3,90000
O01509,2025-02-25,P05,South,4,160000
O01848,2025-02-25,P01,East,1,55000
O03911,2025-02-25,P03,South,1,4000
O03858,2025-02-25,P09,South,4,3200
O00581,2025-02-25,P06,North,2,24000
O01751,2025-02-25,P09,North,1,800
O00209,2025-02-26,P11,North,4,18000
O03790,2025-02-26,P07,East,3,18000
O03032,2025-02-26,P12,West,1,3500
O03101,2025-02-26,P07,South,2,12000
O01290,2025-02-26,P12,North,1,3500
O01546,2025-02-26,P03,West,4,16000
O01551,2025-02-26,P02,South,2,60000
O01024,2025-02-26,P08,West,2,5000
O02576,2025-02-26,P03,North,1,4000
O03274,2025-02-26,P09,West,3,2400
O02615,2025-02-26,P03,North,2,8000
O03195,2025-02-26,P06,South,4,48000
O02306,2025-02-26,P06,West,4,48000
O00270,2025-02-26,P08,East,4,10000
O02385,2025-02-26,P09,South,1,800
O00861,2025-02-26,P06,East,3,36000
O00613,2025-02-26,P05,North,3,120000
O03730,2025-02-26,P03,North,2,8000
O00834,2025-02-26,P06,North,3,36000
O03176,2025-02-27,P02,North,4,120000
O03640,2025-02-27,P01,East,4,220000
O02583,2025-02-27,P11,West,4,18000
O00710,2025-02-27,P05,North,1,40000
O00165,2025-02-27,P10,North,1,2200
O01639,2025-02-27,P11,South,3,13500
O01466,2025-02-27,P09,East,1,800
O02695,2025-02-27,P03,South,1,4000
O00430,2025-02-27,P09,South,1,800
O00409,2025-02-28,P01,South,4,220000
O02067,2025-02-28,P09,West,2,1600
O03295,2025-02-28,P09,North,1,800
O01308,2025-02-28,P05,East,3,120000
O00062,2025-02-28,P03,South,3,12000
O03856,2025-02-28,P01,North,1,55000
O03267,2025-02-28,P10,West,3,6600
O01086,2025-02-28,P09,West,4,3200
O00642,2025-03-01,P05,North,4,160000
O01417,2025-03-01,P09,South,1,800
O00520,2025-03-01,P06,West,1,12000
O02372,2025-03-01,P06,East,1,12000
O02769,2025-03-01,P04,West,3,75000
O01549,2025-03-01,P08,South,3,7500
O01481,2025-03-01,P03,East,3,12000
O00361,2025-03-02,P01,South,1,55000
O01834,2025-03-02,P01,South,4,220000
O00408,2025-03-02,P03,South,2,8000
O00041,2025-03-02,P11,East,2,9000
O00077,2025-03-02,P03,West,2,8000
O00236,2025-03-02,P05,West,4,160000
O01953,2025-03-02,P12,West,3,10500
O00009,2025-03-02,P03,North,2,8000
O02905,2025-03-02,P02,West,1,30000
O01279,2025-03-03,P06,East,2,24000
O01785,2025-03-03,P04,South,2,50000
O00693,2025-03-03,P11,East,1,4500
O01189,2025-03-03,P06,West,4,48000
O03118,2025-03-03,P01,North,2,110000
O00769,2025-03-03,P04,North,1,25000
O03647,2025-03-03,P12,South,2,7000
O01287,2025-03-03,P10,South,3,6600
O03241,2025-03-03,P02,South,4,120000
O02175,2025-03-03,P12,West,3,10500
O01911,2025-03-03,P12,East,3,10500
O00777,2025-03-03,P12,West,4,14000
O00262,2025-03-04,P10,East,3,6600
O03107,2025-03-04,P05,North,1,40000
O01174,2025-03-04,P05,North,3,120000
O03368,2025-03-04,P09,East,2,1600
O03692,2025-03-04,P06,North,2,24000
O01542,2025-03-04,P10,West,3,6600
O03715,2025-03-04,P09,South,3,2400
O01753,2025-03-04,P10,North,3,6600
O02412,2025-03-04,P12,East,3,10500
O00557,2025-03-04,P11,South,4,18000
O03540,2025-03-04,P07,East,2,12000
O01394,2025-03-05,P08,West,1,2500
O01407,2025-03-05,P08,West,4,10000
O02244,2025-03-05,P06,South,1,12000
O01952,2025-03-05,P02,East,1,30000
O00676,2025-03-05,P06,South,1,12000
O02205,2025-03-05,P08,South,3,7500
O00711,2025-03-05,P10,South,3,6600
O01017,2025-03-05,P03,West,4,16000
O01374,2025-03-05,P02,North,4,120000
O00665,2025-03-05,P08,West,2,5000
O03561,2025-03-05,P11,North,1,4500
O02645,2025-03-05,P02,North,2,60000
O00719,2025-03-05,P01,South,2,110000
O00866,2025-03-05,P08,South,3,7500
O02667,2025-03-05,P07,East,1,6000
O03282,2025-03-05,P04,North,3,75000
O03891,2025-03-05,P10,North,3,6600
O03711,2025-03-06,P08,North,1,2500
O00853,2025-03-06,P02,East,4,120000
O00830,2025-03-06,P06,West,3,36000
O02892,2025-03-06,P08,East,2,5000
O00050,2025-03-06,P05,North,4,160000
O01047,2025-03-06,P12,East,2,7000
O02026,2025-03-06,P12,East,1,3500
O01351,2025-03-06,P01,West,2,110000
O02578,2025-03-06,P12,West,3,10500
O01722,2025-03-06,P04,South,4,100000
O00697,2025-03-06,P08,West,4,10000
O02392,2025-03-06,P04,East,1,25000
O02742,2025-03-06,P11,North,1,4500
O02420,2025-03-06,P08,East,1,2500
O00493,2025-03-06,P08,North,3,7500
O02313,2025-03-06,P06,West,3,36000
O00416,2025-03-07,P02,North,2,60000
O01747,2025-03-07,P05,South,3,120000
O03892,2025-03-07,P10,North,2,4400
O03886,2025-03-07,P10,North,4,8800
O00376,2025-03-07,P06,West,1,12000
O03119,2025-03-08,P10,South,2,4400
O01901,2025-03-08,P02,East,3,90000
O01771,2025-03-08,P10,East,1,2200
O03817,2025-03-08,P06,South,1,12000
O02907,2025-03-08,P06,North,4,48000
O00914,2025-03-08,P08,South,3,7500
O00426,2025-03-08,P04,South,1,25000
O02475,2025-03-08,P04,North,2,50000
O01378,2025-03-09,P11,North,1,4500
O03597,2025-03-09,P11,North,1,4500
O00367,2025-03-09,P11,West,2,9000
O01844,2025-03-09,P12,South,3,10500
O01750,2025-03-09,P01,West,2,110000
O03463,2025-03-09,P12,East,3,10500
O01561,2025-03-09,P03,South,4,16000
O02778,2025-03-09,P03,East,4,16000
O00314,2025-03-09,P02,South,3,90000
O01227,2025-03-09,P08,North,1,2500
O03240,2025-03-09,P10,West,1,2200
O03445,2025-03-09,P10,East,2,4400
O03549,2025-03-09,P09,West,3,2400
O03918,2025-03-10,P07,North,4,24000
O00741,2025-03-10,P05,South,4,160000
O02097,2025-03-10,P04,East,2,50000
O03481,2025-03-10,P05,West,3,120000
O00826,2025-03-10,P10,West,4,8800
O03266,2025-03-10,P10,East,4,8800
O01634,2025-03-10,P09,West,4,3200
O01880,2025-03-10,P11,South,2,9000
O02063,2025-03-10,P08,South,3,7500
O01001,2025-03-10,P03,East,2,8000
O01860,2025-03-10,P07,North,3,18000
O01733,2025-03-10,P04,North,1,25000
O00601,2025-03-10,P07,North,2,12000
O03206,2025-03-10,P08,South,1,2500
O01432,2025-03-10,P08,South,4,10000
O00015,2025-03-11,P08,East,1,2500
O02154,2025-03-11,P04,North,4,100000
O01721,2025-03-11,P09,West,3,2400
O00336,2025-03-11,P03,North,3,12000
O03082,2025-03-11,P09,West,1,800
O01454,2025-03-12,P01,North,4,220000
O02940,2025-03-12,P04,West,4,100000
O03490,2025-03-12,P09,South,3,2400
O00627,2025-03-12,P07,East,4,24000
O01091,2025-03-12,P12,West,4,14000
O00688,2025-03-13,P09,West,1,800
O01259,2025-03-13,P12,East,2,7000
O02574,2025-03-13,P12,East,3,10500
O03070,2025-03-13,P06,North,4,48000
O03794,2025-03-13,P02,East,3,90000
O03431,2025-03-13,P09,West,4,3200
O01051,2025-03-13,P02,South,4,120000
O00087,2025-03-13,P12,West,2,7000
O02731,2025-03-13,P04,South,2,50000
O00011,2025-03-13,P12,South,2,7000
O00808,2025-03-13,P02,East,2,60000
O02522,2025-03-13,P03,East,2,8000
O00985,2025-03-13,P03,South,2,8000
O01292,2025-03-13,P03,East,1,4000
O03458,2025-03-13,P08,East,1,2500
O01912,2025-03-13,P03,North,4,16000
O01005,2025-03-14,P03,North,4,16000
O03553,2025-03-14,P12,South,1,3500
O02362,2025-03-14,P06,South,2,24000
O03722,2025-03-14,P01,South,4,220000
O00094,2025-03-14,P05,North,4,160000
O03567,2025-03-14,P05,South,1,40000
O02858,2025-03-14,P11,West,4,18000
O02807,2025-03-14,P08,East,2,5000
O01143,2025-03-14,P12,East,4,14000
O03264,2025-03-14,P03,East,2,8000
O02979,2025-03-15,P11,East,3,13500
O02911,2025-03-15,P11,East,4,18000
O02299,2025-03-15,P10,East,1,2200
O00074,2025-03-15,P06,East,2,24000
O01228,2025-03-15,P07,East,1,6000
O00146,2025-03-15,P04,East,3,75000
O03252,2025-03-15,P04,North,1,25000
O02181,2025-03-15,P06,North,2,24000
O03367,2025-03-15,P10,West,4,8800
O01918,2025-03-15,P02,South,4,120000
O03421,2025-03-15,P01,East,4,220000
O00002,2025-03-15,P04,West,3,75000
O00913,2025-03-15,P03,South,3,12000
O03422,2025-03-15,P01,North,3,165000
O00855,2025-03-15,P08,East,4,10000
O02027,2025-03-15,P07,North,1,6000
O01458,2025-03-15,P08,North,2,5000
O00465,2025-03-15,P09,East,3,2400
O02142,2025-03-15,P11,North,1,4500
O02482,2025-03-16,P11,West,4,18000
O01131,2025-03-16,P12,South,1,3500
O00607,2025-03-16,P08,West,2,5000
O00609,2025-03-16,P01,South,3,165000
O03220,2025-03-16,P02,North,3,90000
O02384,2025-03-16,P03,West,4,16000
O01056,2025-03-16,P12,East,3,10500
O02746,2025-03-16,P01,South,2,110000
O03248,2025-03-17,P03,North,3,12000
O03443,2025-03-17,P10,South,4,8800
O02588,2025-03-17,P04,North,3,75000
O01282,2025-03-17,P12,East,3,10500
O03737,2025-03-17,P07,South,4,24000
O03809,2025-03-17,P06,South,3,36000
O01712,2025-03-17,P07,North,3,18000
O01587,2025-03-17,P08,East,4,10000
O03854,2025-03-17,P11,North,2,9000
O02400,2025-03-17,P04,North,3,75000
O01690,2025-03-17,P11,West,1,4500
O00439,2025-03-18,P09,South,2,1600
O03194,2025-03-18,P01,East,4,220000
O00707,2025-03-18,P07,East,4,24000
O03497,2025-03-18,P07,East,3,18000
O03211,2025-03-18,P11,East,4,18000
O02863,2025-03-18,P12,North,2,7000
O01160,2025-03-18,P06,East,2,24000
O03623,2025-03-18,P09,South,4,3200
O00728,2025-03-18,P04,East,4,100000
O02100,2025-03-18,P11,South,2,9000
O01022,2025-03-18,P02,East,1,30000
O01723,2025-03-18,P01,West,1,55000
O02758,2025-03-18,P09,North,3,2400
O02008,2025-03-19,P07,West,4,24000
O03670,2025-03-19,P12,South,3,10500
O01043,2025-03-19,P09,North,3,2400
O01604,2025-03-19,P01,West,1,55000
O03386,2025-03-19,P08,East,1,2500
O00537,2025-03-19,P10,East,4,8800
O03876,2025-03-19,P01,East,1,55000
O00721,2025-03-19,P08,West,3,7500
O02171,2025-03-19,P09,North,2,1600
O01198,2025-03-19,P07,South,4,24000
O03943,2025-03-20,P09,East,4,3200
O03992,2025-03-20,P04,East,2,50000
O03979,2025-03-20,P11,South,3,13500
O00306,2025-03-20,P12,East,3,10500
O00586,2025-03-20,P11,West,1,4500
O00658,2025-03-20,P01,South,3,165000
O03454,2025-03-20,P11,South,3,13500
O00600,2025-03-20,P03,East,1,4000
O00573,2025-03-20,P02,West,3,90000
O01793,2025-03-20,P05,East,1,40000
O03882,2025-03-20,P09,West,3,2400
O00622,2025-03-20,P05,East,2,80000
O01874,2025-03-20,P01,West,4,220000
O01399,2025-03-20,P12,South,4,14000
O03315,2025-03-20,P09,North,3,2400
O00758,2025-03-20,P07,West,2,12000
O01337,2025-03-20,P08,East,1,2500
O01591,2025-03-21,P03,East,4,16000
O02254,2025-03-21,P03,South,1,4000
O01211,2025-03-21,P06,North,1,12000
O00197,2025-03-21,P02,East,2,60000
O02564,2025-03-22,P04,East,4,100000
O03015,2025-03-22,P12,West,1,3500
O01990,2025-03-22,P08,East,2,5000
O01601,2025-03-22,P10,West,4,8800
O01216,2025-03-22,P10,North,2,4400
O01212,2025-03-22,P02,South,3,90000
O03688,2025-03-22,P11,South,4,18000
O01054,2025-03-22,P01,West,3,165000
O03324,2025-03-22,P09,West,3,2400
O01655,2025-03-22,P01,North,2,110000
O03491,2025-03-22,P03,East,1,4000
O03010,2025-03-22,P05,North,3,120000
O03433,2025-03-23,P12,East,3,10500
O03601,2025-03-23,P10,South,3,6600
O03788,2025-03-23,P06,East,3,36000
O03725,2025-03-23,P08,East,3,7500
O02580,2025-03-23,P11,East,4,18000
O03593,2025-03-23,P12,South,2,7000
O02169,2025-03-23,P04,North,3,75000
O00603,2025-03-23,P09,West,2,1600
O03395,2025-03-23,P08,West,4,10000
O00406,2025-03-23,P07,West,1,6000
O03272,2025-03-23,P12,South,4,14000
O01185,2025-03-24,P01,East,3,165000
O02523,2025-03-24,P11,South,3,13500
O02738,2025-03-24,P05,North,2,80000
O03161,2025-03-24,P01,South,1,55000
O02655,2025-03-24,P09,South,1,800
O02838,2025-03-24,P02,South,3,90000
O00958,2025-03-24,P07,East,2,12000
O02072,2025-03-24,P09,South,4,3200
O01553,2025-03-24,P06,East,2,24000
O01169,2025-03-24,P03,South,1,4000
O00638,2025-03-24,P12,East,2,7000
O03253,2025-03-25,P02,West,4,120000
O02882,2025-03-25,P06,South,2,24000
O01145,2025-03-25,P03,West,4,16000
O01892,2025-03-26,P07,North,4,24000
O01822,2025-03-26,P11,East,3,13500
O03216,2025-03-26,P02,South,3,90000
O03521,2025-03-26,P06,West,4,48000
O01884,2025-03-26,P05,West,4,160000
O00071,2025-03-26,P05,North,1,40000
O03249,2025-03-26,P02,East,2,60000
O02776,2025-03-26,P11,East,2,9000
O03940,2025-03-26,P10,East,1,2200
O00341,2025-03-26,P08,West,3,7500
O03749,2025-03-26,P02,East,4,120000
O02520,2025-03-26,P06,South,4,48000
O00674,2025-03-26,P05,South,2,80000
O00414,2025-03-27,P06,North,3,36000
O00401,2025-03-27,P07,South,1,6000
O01405,2025-03-27,P11,North,1,4500
O02006,2025-03-27,P03,West,2,8000
O01321,2025-03-27,P03,South,2,8000
O01158,2025-03-27,P06,East,2,24000
O01991,2025-03-27,P07,East,2,12000
O02855,2025-03-27,P11,West,3,13500
O03868,2025-03-27,P11,East,1,4500
O02516,2025-03-28,P12,East,1,3500
O01835,2025-03-28,P02,East,2,60000
O03039,2025-03-28,P04,South,3,75000
O00736,2025-03-28,P06,East,3,36000
O03615,2025-03-28,P02,East,1,30000
O00793,2025-03-28,P03,South,4,16000
O02409,2025-03-28,P05,South,2,80000
O02053,2025-03-28,P10,West,4,8800
O00355,2025-03-28,P01,North,4,220000
O02342,2025-03-28,P04,South,4,100000
O01615,2025-03-28,P02,North,3,90000
O00124,2025-03-28,P10,East,1,2200
O01745,2025-03-28,P07,West,1,6000
O00720,2025-03-28,P03,West,1,4000
O01939,2025-03-28,P10,South,2,4400
O01958,2025-03-28,P02,South,4,120000
O01642,2025-03-28,P03,South,4,16000
O00112,2025-03-28,P07,West,3,18000
O02617,2025-03-29,P11,North,4,18000
O00084,2025-03-29,P05,North,1,40000
O03916,2025-03-29,P07,West,2,12000
O01603,2025-03-29,P06,South,2,24000
O01622,2025-03-29,P07,South,4,24000
O01749,2025-03-29,P04,East,3,75000
O03528,2025-03-29,P07,North,4,24000
O03277,2025-03-29,P06,South,2,24000
O02970,2025-03-30,P11,South,1,4500
O00274,2025-03-30,P08,West,1,2500
O00332,2025-03-30,P04,West,2,50000
O02132,2025-03-30,P09,East,3,2400
O02217,2025-03-30,P12,South,2,7000
O03047,2025-03-30,P11,West,3,13500
O02284,2025-03-30,P01,South,1,55000
O03751,2025-03-30,P03,West,3,12000
O01115,2025-03-30,P08,East,1,2500
O00246,2025-03-30,P02,West,4,120000
O02322,2025-03-30,P07,West,2,12000
O03556,2025-03-30,P09,East,4,3200
O00421,2025-03-31,P11,West,1,4500
O02161,2025-03-31,P11,West,3,13500
O00475,2025-03-31,P09,West,4,3200
O01584,2025-03-31,P06,South,3,36000
O03745,2025-03-31,P06,West,3,36000
O01234,2025-03-31,P09,West,4,3200
O00221,2025-03-31,P08,West,3,7500
O01241,2025-03-31,P03,South,1,4000
O02688,2025-03-31,P01,West,1,55000
O00779,2025-03-31,P10,East,4,8800
O01285,2025-03-31,P02,North,1,30000
O00604,2025-03-31,P02,East,3,90000
O01644,2025-04-01,P12,South,1,3500
O02729,2025-04-01,P05,East,1,40000
O02147,2025-04-01,P02,North,2,60000
O02602,2025-04-01,P11,East,2,9000
O01183,2025-04-01,P05,West,1,40000
O03142,2025-04-01,P09,North,2,1600
O00334,2025-04-01,P09,North,2,1600
O02265,2025-04-01,P02,North,3,90000
O03757,2025-04-01,P10,North,3,6600
O02422,2025-04-02,P07,South,2,12000
O02603,2025-04-02,P05,North,2,80000
O03113,2025-04-02,P05,South,2,80000
O02624,2025-04-02,P08,South,3,7500
O02261,2025-04-02,P03,South,4,16000
O02567,2025-04-02,P01,West,4,220000
O02329,2025-04-02,P07,South,2,12000
O03437,2025-04-02,P02,East,3,90000
O01347,2025-04-02,P10,West,2,4400
O02780,2025-04-02,P09,North,2,1600
O03077,2025-04-02,P04,West,4,100000
O00526,2025-04-02,P02,East,1,30000
O03929,2025-04-02,P01,West,3,165000
O02859,2025-04-02,P04,East,3,75000
O01152,2025-04-02,P11,North,2,9000
O02841,2025-04-02,P07,East,3,18000
O03442,2025-04-03,P06,East,4,48000
O03175,2025-04-03,P07,North,2,12000
O03084,2025-04-03,P10,East,3,6600
O01409,2025-04-03,P01,North,3,165000
O03374,2025-04-03,P08,East,4,10000
O03116,2025-04-03,P11,West,2,9000
O02854,2025-04-03,P11,South,1,4500
O01828,2025-04-03,P09,West,3,2400
O00984,2025-04-03,P09,North,2,1600
O00726,2025-04-04,P06,West,1,12000
O01106,2025-04-04,P06,East,3,36000
O03316,2025-04-04,P01,East,4,220000
O00955,2025-04-04,P04,North,4,100000
O02928,2025-04-04,P11,West,3,13500
O02358,2025-04-04,P04,North,1,25000
O03896,2025-04-04,P04,East,3,75000
O03448,2025-04-04,P07,East,2,12000
O01400,2025-04-04,P06,North,3,36000
O01296,2025-04-04,P09,South,3,2400
O03824,2025-04-04,P05,West,4,160000
O01567,2025-04-04,P06,North,3,36000
O03125,2025-04-04,P03,West,3,12000
O01393,2025-04-04,P12,West,2,7000
O01895,2025-04-05,P02,North,4,120000
O02369,2025-04-05,P10,East,2,4400
O02240,2025-04-05,P02,East,4,120000
O00907,2025-04-05,P09,East,3,2400
O00756,2025-04-05,P01,North,4,220000
O02439,2025-04-05,P03,North,3,12000
O03580,2025-04-05,P10,South,2,4400
O00480,2025-04-05,P08,South,3,7500
O02845,2025-04-05,P08,North,2,5000
O00929,2025-04-05,P11,North,4,18000
O03571,2025-04-05,P05,North,4,160000
O03005,2025-04-06,P08,East,1,2500
O03155,2025-04-06,P08,North,3,7500
O00778,2025-04-06,P11,West,1,4500
O03789,2025-04-06,P09,South,1,800
O03457,2025-04-06,P08,South,4,10000
O02297,2025-04-06,P05,West,2,80000
O03045,2025-04-06,P03,North,4,16000
O01126,2025-04-06,P07,West,4,24000
O00966,2025-04-06,P07,East,1,6000
O00083,2025-04-06,P03,West,4,16000
O03393,2025-04-06,P10,South,1,2200
O01021,2025-04-06,P07,South,4,24000
O03801,2025-04-06,P09,North,2,1600
O02059,2025-04-06,P09,West,2,1600
O01843,2025-04-06,P03,North,3,12000
O00965,2025-04-06,P01,North,2,110000
O02716,2025-04-06,P05,West,3,120000
O00915,2025-04-07,P09,South,2,1600
O03531,2025-04-07,P04,North,4,100000
O01353,2025-04-07,P04,South,2,50000
O03937,2025-04-07,P04,West,4,100000
O03122,2025-04-07,P04,South,2,50000
O03233,2025-04-07,P01,North,1,55000
O03294,2025-04-07,P08,South,1,2500
O00989,2025-04-07,P02,East,2,60000
O01084,2025-04-07,P09,North,2,1600
O03563,2025-04-07,P02,South,4,120000
O01040,2025-04-07,P09,South,2,1600
O00698,2025-04-07,P01,West,4,220000
O01857,2025-04-07,P12,South,4,14000
O03620,2025-04-08,P09,West,1,800
O00904,2025-04-08,P03,East,1,4000
O02440,2025-04-08,P12,West,4,14000
O02898,2025-04-08,P12,North,1,3500
O02183,2025-04-08,P02,South,2,60000
O02760,2025-04-08,P10,South,2,4400
O00171,2025-04-09,P09,East,4,3200
O01238,2025-04-09,P09,East,2,1600
O02850,2025-04-09,P05,South,2,80000
O02967,2025-04-09,P05,East,4,160000
O03140,2025-04-09,P08,North,4,10000
O02678,2025-04-09,P02,South,3,90000
O00880,2025-04-09,P03,East,1,4000
O00821,2025-04-09,P10,North,3,6600
O00194,2025-04-09,P05,West,3,120000
O00884,2025-04-09,P09,East,1,800
O02561,2025-04-09,P10,North,3,6600
O02790,2025-04-10,P12,South,2,7000
O01596,2025-04-10,P02,West,2,60000
O03946,2025-04-10,P01,East,2,110000
O01660,2025-04-10,P04,South,1,25000
O02040,2025-04-10,P03,South,1,4000
O00667,2025-04-10,P05,South,2,80000
O02029,2025-04-10,P10,East,4,8800
O02127,2025-04-10,P05,West,4,160000
O01078,2025-04-10,P08,West,3,7500
O02083,2025-04-10,P06,North,3,36000
O03108,2025-04-10,P05,South,1,40000
O01965,2025-04-10,P03,West,2,8000
O02022,2025-04-10,P04,East,2,50000
O03092,2025-04-10,P01,South,1,55000
O01503,2025-04-10,P10,South,1,2200
O03469,2025-04-10,P06,North,1,12000
O03846,2025-04-11,P11,West,3,13500
O02095,2025-04-11,P08,East,4,10000
O00031,2025-04-11,P11,West,4,18000
O02109,2025-04-11,P05,South,3,120000
O01367,2025-04-11,P11,North,2,9000
O00463,2025-04-11,P08,South,2,5000
O01439,2025-04-11,P05,North,1,40000
O01461,2025-04-11,P12,South,1,3500
O03927,2025-04-11,P02,South,1,30000
O00943,2025-04-11,P07,East,1,6000
O03286,2025-04-11,P03,West,1,4000
O02869,2025-04-11,P08,South,4,10000
O02956,2025-04-11,P08,North,4,10000
O00831,2025-04-11,P11,North,1,4500
O02020,2025-04-12,P12,South,4,14000
O03523,2025-04-12,P12,West,1,3500
O01276,2025-04-12,P02,West,4,120000
O03653,2025-04-12,P03,North,1,4000
O01595,2025-04-12,P08,South,1,2500
O02980,2025-04-12,P03,South,1,4000
O01955,2025-04-12,P10,North,3,6600
O00624,2025-04-13,P01,South,1,55000
O02048,2025-04-13,P01,West,2,110000
O03875,2025-04-13,P11,West,1,4500
O02579,2025-04-13,P12,North,2,7000
O02328,2025-04-13,P06,West,2,24000
O00068,2025-04-13,P11,East,3,13500
O01961,2025-04-13,P07,North,4,24000
O03956,2025-04-13,P05,North,4,160000
O01885,2025-04-13,P11,East,2,9000
O00442,2025-04-13,P05,West,2,80000
O03506,2025-04-13,P05,East,4,160000
O02659,2025-04-13,P09,South,4,3200
O03803,2025-04-14,P10,North,4,8800
O02786,2025-04-14,P02,West,3,90000
O03115,2025-04-14,P11,West,4,18000
O02018,2025-04-14,P08,West,3,7500
O01694,2025-04-14,P05,North,1,40000
O02701,2025-04-14,P03,North,2,8000
O01641,2025-04-14,P06,West,1,12000
O01210,2025-04-14,P11,West,2,9000
O03279,2025-04-14,P04,East,3,75000
O00265,2025-04-14,P02,West,3,90000
O02165,2025-04-14,P05,North,3,120000
O01502,2025-04-14,P09,South,2,1600
O01944,2025-04-14,P10,North,3,6600
O02436,2025-04-14,P07,South,4,24000
O02215,2025-04-14,P04,East,4,100000
O01931,2025-04-15,P10,North,3,6600
O01128,2025-04-15,P04,North,2,50000
O02462,2025-04-15,P08,South,3,7500
O02073,2025-04-15,P10,North,1,2200
O02618,2025-04-15,P07,East,3,18000
O02016,2025-04-15,P12,East,2,7000
O03226,2025-04-15,P01,South,3,165000
O02690,2025-04-15,P05,South,3,120000
O01671,2025-04-15,P04,South,1,25000
O00020,2025-04-16,P05,East,3,120000
O03744,2025-04-16,P05,North,3,120000
O02432,2025-04-16,P11,East,3,13500
O01930,2025-04-16,P10,East,3,6600
O00785,2025-04-16,P03,South,3,12000
O02575,2025-04-16,P12,South,1,3500
O03060,2025-04-16,P12,North,3,10500
O02363,2025-04-16,P11,East,1,4500
O03409,2025-04-16,P03,South,4,16000
O00145,2025-04-16,P10,North,3,6600
O00663,2025-04-17,P04,North,3,75000
O03311,2025-04-17,P09,North,1,800
O02133,2025-04-17,P05,North,4,160000
O02597,2025-04-17,P06,North,1,12000
O02285,2025-04-17,P05,South,1,40000
O02438,2025-04-17,P07,West,2,12000
O01464,2025-04-17,P09,North,3,2400
O00935,2025-04-17,P06,West,3,36000
O02521,2025-04-17,P11,West,2,9000
O01317,2025-04-17,P01,South,4,220000
O03189,2025-04-17,P04,East,2,50000
O03416,2025-04-18,P01,East,4,220000
O03293,2025-04-18,P02,South,4,120000
O02327,2025-04-18,P08,West,1,2500
O03327,2025-04-18,P08,North,1,2500
O03978,2025-04-18,P02,North,4,120000
O02396,2025-04-18,P07,West,2,12000
O02349,2025-04-18,P12,South,3,10500
O01725,2025-04-18,P05,West,3,120000
O03260,2025-04-18,P11,North,1,4500
O02296,2025-04-18,P07,West,2,12000
O01786,2025-04-18,P12,South,1,3500
O02991,2025-04-18,P08,South,4,10000
O00784,2025-04-18,P04,North,3,75000
O00963,2025-04-18,P07,East,1,6000
O01607,2025-04-19,P02,West,4,120000
O02278,2025-04-19,P02,North,2,60000
O01975,2025-04-19,P01,North,4,220000
O01057,2025-04-19,P01,East,2,110000
O01788,2025-04-19,P02,East,1,30000
O01609,2025-04-19,P12,North,4,14000
O00272,2025-04-19,P08,West,3,7500
O03898,2025-04-19,P07,West,1,6000
O03472,2025-04-19,P10,South,1,2200
O03865,2025-04-19,P02,North,2,60000
O00308,2025-04-20,P05,North,1,40000
O03786,2025-04-20,P12,South,4,14000
O01974,2025-04-20,P11,West,2,9000
O00289,2025-04-20,P09,South,3,2400
O02367,2025-04-20,P03,East,2,8000
O00211,2025-04-20,P10,South,2,4400
O01253,2025-04-20,P02,North,1,30000
O03935,2025-04-20,P08,North,3,7500
O02375,2025-04-20,P04,North,2,50000
O01522,2025-04-20,P02,West,2,60000
O01421,2025-04-20,P06,West,1,12000
O01329,2025-04-21,P09,West,3,2400
O02257,2025-04-21,P11,South,4,18000
O02867,2025-04-21,P08,North,1,2500
O00325,2025-04-21,P08,North,2,5000
O03864,2025-04-21,P05,North,1,40000
O01197,2025-04-21,P04,North,3,75000
O03796,2025-04-21,P02,South,4,120000
O03970,2025-04-21,P07,East,4,24000
O02014,2025-04-21,P08,East,3,7500
O03547,2025-04-22,P09,East,3,2400
O03145,2025-04-22,P02,East,1,30000
O02041,2025-04-22,P02,South,4,120000
O00731,2025-04-22,P01,East,3,165000
O03166,2025-04-22,P03,North,3,12000
O00305,2025-04-22,P06,East,4,48000
O01590,2025-04-22,P09,North,4,3200
O01708,2025-04-22,P12,West,3,10500
O00049,2025-04-22,P11,East,3,13500
O03728,2025-04-22,P11,West,1,4500
O02903,2025-04-22,P12,East,2,7000
O00782,2025-04-23,P11,South,1,4500
O01007,2025-04-23,P07,East,2,12000
O03046,2025-04-23,P12,East,4,14000
O02201,2025-04-23,P05,North,1,40000
O02509,2025-04-23,P06,West,3,36000
O00809,2025-04-23,P07,West,2,12000
O01025,2025-04-23,P06,South,3,36000
O01260,2025-04-23,P06,East,2,24000
O01190,2025-04-23,P03,South,1,4000
O02614,2025-04-23,P09,North,1,800
O00517,2025-04-23,P07,North,2,12000
O00975,2025-04-23,P12,West,3,10500
O01383,2025-04-24,P08,North,4,10000
O01774,2025-04-24,P10,South,1,2200
O00864,2025-04-24,P02,North,4,120000
O00874,2025-04-24,P07,South,2,12000
O03618,2025-04-24,P02,South,4,120000
O03685,2025-04-24,P07,South,2,12000
O00116,2025-04-24,P09,West,1,800
O02616,2025-04-24,P04,North,3,75000
O03385,2025-04-24,P06,West,3,36000
O02798,2025-04-24,P04,East,2,50000
O00611,2025-04-24,P12,West,4,14000
O00617,2025-04-24,P11,North,2,9000
O02828,2025-04-25,P12,North,4,14000
O02408,2025-04-25,P01,West,3,165000
O00226,2025-04-25,P01,West,3,165000
O01797,2025-04-25,P09,North,3,2400
O01162,2025-04-25,P11,South,3,13500
O00402,2025-04-25,P07,West,2,12000
O00970,2025-04-25,P11,South,2,9000
O02811,2025-04-25,P03,North,1,4000
O02766,2025-04-26,P01,East,4,220000
O02096,2025-04-26,P12,West,1,3500
O03191,2025-04-26,P09,West,2,1600
O00877,2025-04-26,P12,South,1,3500
O00176,2025-04-26,P01,South,1,55000
O00067,2025-04-26,P12,North,3,10500
O01824,2025-04-26,P11,East,1,4500
O00959,2025-04-26,P08,West,1,2500
O01773,2025-04-26,P07,South,1,6000
O03105,2025-04-26,P07,West,1,6000
O03073,2025-04-26,P09,North,3,2400
O00258,2025-04-26,P02,North,2,60000
O00337,2025-04-27,P03,West,1,4000
O03537,2025-04-27,P01,East,1,55000
O01914,2025-04-27,P02,North,1,30000
O01802,2025-04-27,P10,South,3,6600
O00546,2025-04-27,P07,East,1,6000
O03811,2025-04-27,P12,West,2,7000
O01297,2025-04-27,P08,North,2,5000
O01339,2025-04-27,P08,South,1,2500
O02283,2025-04-27,P06,South,3,36000
O03438,2025-04-27,P11,South,3,13500
O00981,2025-04-27,P05,West,2,80000
O03917,2025-04-27,P06,North,1,12000
O01419,2025-04-28,P12,West,4,14000
O00641,2025-04-28,P02,East,1,30000
O02999,2025-04-28,P10,North,2,4400
O03257,2025-04-28,P04,East,1,25000
O03807,2025-04-28,P01,West,4,220000
O02197,2025-04-28,P11,East,2,9000
O02250,2025-04-28,P02,West,1,30000
O01067,2025-04-28,P03,North,3,12000
O01284,2025-04-28,P07,West,1,6000
O00036,2025-04-28,P09,North,2,1600
O00561,2025-04-28,P03,West,1,4000
O03218,2025-04-28,P02,North,3,90000
O03644,2025-04-28,P03,North,2,8000
O01246,2025-04-28,P08,South,4,10000
O01028,2025-04-29,P08,East,1,2500
O03583,2025-04-29,P02,South,2,60000
O03660,2025-04-29,P09,South,1,800
O02023,2025-04-29,P12,East,2,7000
O01437,2025-04-29,P08,East,1,2500
O00555,2025-04-29,P04,North,4,100000
O01456,2025-04-30,P07,South,4,24000
O02698,2025-04-30,P11,West,4,18000
O03196,2025-04-30,P12,West,2,7000
O02308,2025-04-30,P03,North,4,16000
O02292,2025-04-30,P08,East,4,10000
O03619,2025-04-30,P03,North,4,16000
O01572,2025-04-30,P11,South,4,18000
O00139,2025-04-30,P01,North,2,110000
O02791,2025-04-30,P08,North,4,10000
O01643,2025-04-30,P12,South,1,3500
O01951,2025-04-30,P01,East,4,220000
O00423,2025-04-30,P03,South,2,8000
O00515,2025-04-30,P02,East,1,30000
O00142,2025-04-30,P05,West,3,120000
O02418,2025-04-30,P12,North,1,3500
O00950,2025-04-30,P11,North,3,13500
O03024,2025-04-30,P01,West,3,165000
O01947,2025-05-01,P10,South,1,2200
O03977,2025-05-01,P09,South,4,3200
O00780,2025-05-01,P12,East,3,10500
O03205,2025-05-01,P05,North,4,160000
O03470,2025-05-01,P02,North,3,90000
O02270,2025-05-01,P11,East,3,13500
O00456,2025-05-01,P09,East,1,800
O02010,2025-05-01,P09,South,2,1600
O02692,2025-05-01,P03,South,1,4000
O01471,2025-05-01,P05,South,2,80000
O01226,2025-05-01,P06,West,3,36000
O01261,2025-05-01,P04,North,2,50000
O03746,2025-05-01,P02,East,2,60000
O01477,2025-05-01,P03,South,3,12000
O03013,2025-05-01,P02,South,1,30000
O02280,2025-05-02,P12,North,1,3500
O02662,2025-05-02,P03,North,1,4000
O01794,2025-05-02,P09,West,3,2400
O03044,2025-05-02,P05,South,1,40000
O02556,2025-05-02,P12,East,3,10500
O00825,2025-05-02,P03,South,1,4000
O03447,2025-05-02,P07,South,2,12000
O00225,2025-05-02,P08,East,1,2500
O01316,2025-05-02,P11,South,4,18000
O00967,2025-05-02,P04,South,2,50000
O01381,2025-05-02,P01,West,1,55000
O00961,2025-05-03,P03,West,1,4000
O03612,2025-05-03,P08,South,3,7500
O03123,2025-05-03,P09,West,1,800
O03847,2025-05-03,P05,West,4,160000
O01223,2025-05-03,P01,East,2,110000
O02325,2025-05-03,P03,South,1,4000
O00898,2025-05-03,P09,North,4,3200
O03562,2025-05-04,P02,North,1,30000
O03449,2025-05-04,P04,South,2,50000
O00420,2025-05-04,P11,South,1,4500
O00673,2025-05-04,P01,North,1,55000
O03391,2025-05-04,P10,South,1,2200
O03435,2025-05-04,P12,West,1,3500
O02909,2025-05-04,P12,North,1,3500
O01431,2025-05-04,P05,South,1,40000
O01155,2025-05-04,P01,West,4,220000
O02545,2025-05-04,P05,West,3,120000
O00933,2025-05-05,P07,North,2,12000
O02269,2025-05-05,P07,West,1,6000
O01586,2025-05-05,P03,West,4,16000
O02025,2025-05-05,P06,North,3,36000
O03213,2025-05-05,P02,South,4,120000
O02235,2025-05-05,P12,North,1,3500
O02705,2025-05-05,P06,South,3,36000
O00292,2025-05-05,P12,South,3,10500
O01769,2025-05-05,P02,South,2,60000
O02046,2025-05-05,P06,East,2,24000
O00540,2025-05-05,P10,East,2,4400
O02055,2025-05-05,P05,South,2,80000
O00760,2025-05-05,P01,East,2,110000
O00437,2025-05-05,P07,North,2,12000
O01465,2025-05-05,P01,South,4,220000
O02866,2025-05-05,P10,North,4,8800
O00254,2025-05-05,P09,West,2,1600
O03795,2025-05-06,P11,West,1,4500
O03591,2025-05-06,P09,East,2,1600
O01718,2025-05-06,P08,South,3,7500
O00395,2025-05-06,P05,North,2,80000
O03363,2025-05-06,P05,South,4,160000
O00216,2025-05-06,P07,South,1,6000
O00973,2025-05-06,P07,South,2,12000
O01049,2025-05-06,P04,South,4,100000
O02526,2025-05-06,P10,West,2,4400
O03654,2025-05-06,P04,North,3,75000
O01992,2025-05-06,P06,East,1,12000
O00448,2025-05-06,P02,North,1,30000
O00920,2025-05-06,P07,East,2,12000
O00298,2025-05-06,P11,South,1,4500
O03908,2025-05-06,P10,South,3,6600
O03831,2025-05-06,P10,South,1,2200
O02427,2025-05-07,P08,South,4,10000
O00776,2025-05-07,P08,North,2,5000
O01504,2025-05-07,P11,East,2,9000
O03879,2025-05-07,P10,West,1,2200
O02062,2025-05-07,P07,South,2,12000
O02058,2025-05-07,P01,North,2,110000
O01475,2025-05-07,P11,West,3,13500
O00570,2025-05-07,P01,East,2,110000
O00303,2025-05-07,P03,North,2,8000
O00637,2025-05-07,P09,South,1,800
O00309,2025-05-07,P12,South,1,3500
O00765,2025-05-08,P02,North,3,90000
O03649,2025-05-08,P09,West,3,2400
O03204,2025-05-08,P07,North,4,24000
O02985,2025-05-08,P04,South,4,100000
O03639,2025-05-08,P12,South,2,7000
O01614,2025-05-08,P03,North,3,12000
O00916,2025-05-08,P08,South,3,7500
O03006,2025-05-08,P05,West,4,160000
O03771,2025-05-08,P12,West,3,10500
O00753,2025-05-08,P04,West,4,100000
O03022,2025-05-08,P10,South,1,2200
O03144,2025-05-08,P01,East,2,110000
O02793,2025-05-08,P07,East,4,24000
O00991,2025-05-09,P02,South,3,90000
O00213,2025-05-09,P01,East,3,165000
O00953,2025-05-09,P01,East,3,165000
O01016,2025-05-09,P08,South,2,5000
O00931,2025-05-09,P09,North,2,1600
O00936,2025-05-09,P05,East,1,40000
O03284,2025-05-09,P02,North,3,90000
O02549,2025-05-09,P09,East,2,1600
O02883,2025-05-09,P06,East,1,12000
O03018,2025-05-10,P12,East,3,10500
O01933,2025-05-10,P05,South,2,80000
O03281,2025-05-10,P04,South,3,75000
O00404,2025-05-10,P03,North,3,12000
O03674,2025-05-10,P03,North,4,16000
O00632,2025-05-10,P03,North,4,16000
O01188,2025-05-10,P01,South,2,110000
O03432,2025-05-10,P01,North,2,110000
O01472,2025-05-11,P03,West,3,12000
O03200,2025-05-11,P11,East,3,13500
O03704,2025-05-11,P12,South,2,7000
O01580,2025-05-11,P09,South,2,1600
O01692,2025-05-11,P02,West,3,90000
O01748,2025-05-11,P10,South,4,8800
O02747,2025-05-11,P06,East,4,48000
O02632,2025-05-11,P06,South,3,36000
O00547,2025-05-11,P06,West,2,24000
O03062,2025-05-11,P07,West,1,6000
O03828,2025-05-11,P10,North,1,2200
O02340,2025-05-11,P04,South,4,100000
O03446,2025-05-12,P12,East,2,7000
O03974,2025-05-12,P01,West,3,165000
O01606,2025-05-12,P03,East,3,12000
O02223,2025-05-12,P06,West,4,48000
O00453,2025-05-12,P04,South,3,75000
O00843,2025-05-12,P09,East,1,800
O00812,2025-05-12,P03,North,4,16000
O02481,2025-05-12,P09,West,2,1600
O03231,2025-05-12,P04,East,3,75000
O01101,2025-05-12,P06,North,1,12000
O03527,2025-05-12,P05,East,1,40000
O00164,2025-05-13,P11,South,2,9000
O02962,2025-05-13,P10,West,1,2200
O02156,2025-05-13,P07,West,3,18000
O00065,2025-05-13,P11,West,1,4500
O02489,2025-05-13,P12,East,3,10500
O00706,2025-05-13,P06,North,4,48000
O03778,2025-05-13,P01,East,2,110000
O03427,2025-05-13,P07,East,1,6000
O03741,2025-05-13,P10,North,4,8800
O02802,2025-05-14,P10,West,2,4400
O02552,2025-05-14,P09,South,1,800
O02405,2025-05-14,P07,South,4,24000
O03959,2025-05-14,P03,West,2,8000
O03301,2025-05-14,P10,East,4,8800
O00677,2025-05-14,P08,South,1,2500
O00805,2025-05-14,P02,East,3,90000
O03061,2025-05-14,P07,South,4,24000
O01462,2025-05-14,P04,South,2,50000
O03536,2025-05-14,P07,West,3,18000
O03401,2025-05-14,P11,East,4,18000
O00230,2025-05-14,P02,North,4,120000
O03986,2025-05-14,P09,North,3,2400
O01391,2025-05-14,P09,North,1,800
O02998,2025-05-15,P07,West,4,24000
O03837,2025-05-15,P08,North,3,7500
O00279,2025-05-15,P02,West,3,90000
O00138,2025-05-15,P06,East,2,24000
O02307,2025-05-15,P08,East,1,2500
O02941,2025-05-15,P09,South,1,800
O02931,2025-05-15,P01,East,2,110000
O02202,2025-05-15,P04,North,4,100000
O03922,2025-05-15,P12,South,3,10500
O01994,2025-05-15,P09,West,3,2400
O01496,2025-05-15,P02,East,4,120000
O00528,2025-05-16,P03,North,2,8000
O01613,2025-05-16,P10,East,3,6600
O03392,2025-05-16,P03,South,3,12000
O03642,2025-05-16,P09,West,2,1600
O03611,2025-05-16,P08,East,2,5000
O02122,2025-05-16,P01,South,4,220000
O01125,2025-05-16,P04,East,1,25000
O02712,2025-05-16,P01,North,2,110000
O01925,2025-05-16,P05,North,4,160000
O02150,2025-05-17,P11,East,1,4500
O03183,2025-05-17,P09,East,4,3200
O03400,2025-05-17,P02,East,4,120000
O03382,2025-05-17,P12,North,2,7000
O00109,2025-05-17,P11,North,2,9000
O02607,2025-05-17,P01,North,4,220000
O01640,2025-05-17,P04,South,2,50000
O03627,2025-05-17,P11,North,1,4500
O02345,2025-05-18,P01,East,3,165000
O01373,2025-05-18,P08,East,2,5000
O03148,2025-05-18,P05,West,4,160000
O01244,2025-05-18,P06,South,2,24000
O03109,2025-05-18,P10,West,4,8800
O00390,2025-05-18,P03,West,2,8000
O02913,2025-05-18,P06,East,3,36000
O00598,2025-05-18,P09,North,3,2400
O00169,2025-05-18,P10,North,4,8800
O01123,2025-05-18,P05,East,3,120000
O02560,2025-05-18,P03,East,2,8000
O02953,2025-05-19,P09,North,2,1600
O02315,2025-05-19,P02,West,1,30000
O00964,2025-05-19,P02,West,2,60000
O01330,2025-05-19,P05,East,4,160000
O02745,2025-05-19,P03,North,4,16000
O01605,2025-05-19,P03,West,3,12000
O02311,2025-05-20,P12,West,4,14000
O03054,2025-05-20,P05,West,4,160000
O02676,2025-05-20,P06,East,3,36000
O02880,2025-05-20,P06,East,4,48000
O01544,2025-05-20,P09,West,3,2400
O02728,2025-05-20,P04,West,3,75000
O03476,2025-05-20,P10,South,3,6600
O00630,2025-05-20,P04,West,3,75000
O01087,2025-05-20,P11,North,4,18000
O03160,2025-05-21,P12,South,2,7000
O01805,2025-05-21,P02,East,4,120000
O00415,2025-05-21,P12,East,4,14000
O00222,2025-05-21,P10,North,1,2200
O02620,2025-05-21,P09,South,3,2400
O03236,2025-05-21,P03,South,3,12000
O01853,2025-05-21,P10,South,4,8800
O00323,2025-05-21,P02,West,1,30000
O02918,2025-05-21,P06,West,3,36000
O03223,2025-05-21,P03,South,1,4000
O02796,2025-05-21,P04,East,1,25000
O03836,2025-05-21,P07,North,3,18000
O02827,2025-05-22,P01,West,3,165000
O03984,2025-05-22,P12,West,1,3500
O00233,2025-05-22,P10,South,3,6600
O01566,2025-05-22,P10,South,4,8800
O00359,2025-05-22,P02,West,3,90000
O03835,2025-05-22,P08,East,1,2500
O03288,2025-05-22,P01,North,3,165000
O02637,2025-05-22,P02,East,4,120000
O00621,2025-05-22,P06,West,4,48000
O01761,2025-05-23,P03,South,1,4000
O01813,2025-05-23,P04,West,3,75000
O03011,2025-05-23,P07,West,2,12000
O03897,2025-05-23,P09,North,3,2400
O03889,2025-05-23,P10,East,1,2200
O01166,2025-05-23,P04,East,2,50000
O01053,2025-05-23,P05,East,3,120000
O01882,2025-05-23,P10,South,1,2200
O00910,2025-05-23,P01,West,3,165000
O00257,2025-05-23,P02,South,1,30000
O02955,2025-05-23,P12,South,1,3500
O03915,2025-05-24,P08,East,1,2500
O01272,2025-05-24,P07,East,3,18000
O02975,2025-05-24,P03,North,2,8000
O03655,2025-05-24,P11,East,1,4500
O01469,2025-05-24,P01,East,1,55000
O00239,2025-05-24,P12,West,1,3500
O00297,2025-05-24,P10,South,1,2200
O02605,2025-05-24,P11,West,3,13500
O03544,2025-05-24,P07,West,4,24000
O00577,2025-05-24,P07,West,4,24000
O03488,2025-05-24,P03,West,4,16000
O00948,2025-05-24,P06,North,2,24000
O02899,2025-05-24,P11,West,1,4500
O02331,2025-05-25,P03,North,1,4000
O02816,2025-05-25,P11,South,3,13500
O00738,2025-05-25,P09,West,4,3200
O00386,2025-05-25,P12,South,2,7000
O03574,2025-05-25,P10,South,2,4400
O01489,2025-05-25,P04,West,1,25000
O02294,2025-05-25,P03,South,3,12000
O00290,2025-05-25,P09,East,2,1600
O02725,2025-05-25,P02,West,2,60000
O01052,2025-05-25,P04,North,3,75000
O00374,2025-05-25,P12,South,3,10500
O02160,2025-05-26,P10,North,2,4400
O02996,2025-05-26,P05,North,3,120000
O02220,2025-05-26,P12,North,2,7000
O03714,2025-05-26,P04,North,4,100000
O01103,2025-05-26,P05,South,4,160000
O00256,2025-05-26,P10,East,3,6600
O02129,2025-05-26,P07,South,1,6000
O02086,2025-05-26,P10,North,1,2200
O03375,2025-05-27,P08,North,2,5000
O02415,2025-05-27,P07,North,4,24000
O03851,2025-05-27,P06,West,3,36000
O02116,2025-05-27,P10,North,4,8800
O00457,2025-05-27,P11,South,3,13500
O02111,2025-05-27,P05,West,1,40000
O00286,2025-05-27,P11,East,4,18000
O03743,2025-05-27,P10,South,2,4400
O01020,2025-05-28,P07,South,1,6000
O01266,2025-05-28,P05,East,4,160000
O03099,2025-05-28,P11,North,2,9000
O02388,2025-05-28,P01,East,3,165000
O01878,2025-05-28,P01,East,1,55000
O00695,2025-05-28,P11,North,4,18000
O01073,2025-05-28,P02,West,3,90000
O03167,2025-05-28,P12,East,2,7000
O02650,2025-05-28,P03,North,4,16000
O00294,2025-05-29,P04,North,1,25000
O03920,2025-05-29,P11,West,4,18000
O01203,2025-05-29,P07,West,4,24000
O03903,2025-05-29,P09,South,2,1600
O02333,2025-05-29,P10,West,1,2200
O03246,2025-05-29,P01,South,3,165000
O02238,2025-05-29,P03,East,3,12000
O00388,2025-05-30,P09,East,3,2400
O02519,2025-05-30,P07,West,1,6000
O03874,2025-05-30,P10,West,1,2200
O00564,2025-05-30,P02,West,2,60000
O03336,2025-05-30,P06,South,4,48000
O00481,2025-05-30,P10,East,1,2200
O03689,2025-05-30,P12,East,2,7000
O01525,2025-05-30,P08,East,3,7500
O00405,2025-05-30,P06,South,4,48000
O01986,2025-05-31,P01,South,3,165000
O01280,2025-05-31,P11,South,2,9000
O02218,2025-05-31,P08,South,1,2500
O01970,2025-05-31,P01,South,1,55000
O00198,2025-05-31,P02,North,2,60000
O02511,2025-05-31,P07,South,2,12000
O03945,2025-05-31,P12,South,4,14000
O02904,2025-05-31,P12,East,2,7000
O00954,2025-05-31,P09,West,4,3200
O03797,2025-05-31,P03,North,4,16000
O03532,2025-05-31,P07,West,1,6000
O02407,2025-05-31,P11,East,3,13500
O03652,2025-06-01,P06,North,3,36000
O00543,2025-06-01,P03,South,1,4000
O00718,2025-06-01,P09,North,1,800
O02541,2025-06-01,P07,East,3,18000
O03349,2025-06-01,P02,West,2,60000
O03686,2025-06-01,P04,North,2,50000
O02112,2025-06-01,P07,West,4,24000
O02347,2025-06-01,P09,East,3,2400
O03604,2025-06-01,P02,East,1,30000
O00054,2025-06-01,P11,North,1,4500
O03806,2025-06-01,P10,South,3,6600
O00946,2025-06-01,P01,East,1,55000
O02720,2025-06-01,P04,East,4,100000
O00951,2025-06-02,P08,South,2,5000
O02350,2025-06-02,P08,South,2,5000
O00137,2025-06-02,P08,South,1,2500
O03353,2025-06-02,P07,North,1,6000
O03504,2025-06-02,P02,West,2,60000
O02473,2025-06-02,P09,South,3,2400
O03102,2025-06-02,P08,South,2,5000
O00502,2025-06-02,P01,North,2,110000
O00531,2025-06-02,P08,North,4,10000
O01229,2025-06-02,P11,North,2,9000
O00161,2025-06-02,P09,North,4,3200
O00860,2025-06-02,P05,East,3,120000
O00326,2025-06-02,P05,South,1,40000
O00269,2025-06-02,P01,West,1,55000
O01023,2025-06-03,P10,East,4,8800
O01950,2025-06-03,P01,South,2,110000
O03365,2025-06-03,P05,North,4,160000
O00892,2025-06-03,P07,North,1,6000
O02206,2025-06-03,P02,West,1,30000
O00260,2025-06-03,P10,East,1,2200
O02052,2025-06-03,P09,South,1,800
O00488,2025-06-04,P12,West,3,10500
O00905,2025-06-04,P05,East,4,160000
O01732,2025-06-04,P08,North,3,7500
O02663,2025-06-04,P04,North,1,25000
O01482,2025-06-04,P05,West,3,120000
O03411,2025-06-04,P11,North,3,13500
O03290,2025-06-04,P06,East,4,48000
O02234,2025-06-04,P04,West,4,100000
O02846,2025-06-04,P06,West,3,36000
O01866,2025-06-04,P11,East,4,18000
O01775,2025-06-04,P01,West,2,110000
O02050,2025-06-05,P10,West,4,8800
O02452,2025-06-05,P01,South,4,220000
O03028,2025-06-05,P02,West,2,60000
O02304,2025-06-05,P08,West,1,2500
O01034,2025-06-05,P09,West,4,3200
O00803,2025-06-05,P04,North,1,25000
O03151,2025-06-05,P11,West,1,4500
O03784,2025-06-05,P06,West,2,24000
O02382,2025-06-05,P03,South,3,12000
O00499,2025-06-05,P09,South,1,800
O01815,2025-06-05,P10,North,1,2200
O03111,2025-06-05,P01,East,1,55000
O02709,2025-06-05,P03,West,2,8000
O01754,2025-06-05,P05,East,2,80000
O03869,2025-06-05,P07,West,4,24000
O03663,2025-06-06,P11,North,1,4500
O02106,2025-06-06,P01,East,1,55000
O01269,2025-06-06,P02,South,2,60000
O02783,2025-06-06,P02,South,2,60000
O00653,2025-06-06,P08,North,3,7500
O01151,2025-06-06,P07,North,3,18000
O02948,2025-06-06,P10,North,1,2200
O02710,2025-06-06,P04,North,2,50000
O01809,2025-06-06,P07,North,3,18000
O02051,2025-06-06,P05,East,2,80000
O02460,2025-06-06,P11,East,3,13500
O03487,2025-06-06,P05,East,3,120000
O03924,2025-06-07,P03,East,3,12000
O02167,2025-06-07,P05,North,3,120000
O01545,2025-06-07,P05,West,1,40000
O01526,2025-06-07,P11,South,4,18000
O01710,2025-06-07,P08,West,1,2500
O00330,2025-06-07,P05,South,4,160000
O02524,2025-06-07,P03,North,1,4000
O00384,2025-06-07,P09,North,1,800
O00175,2025-06-07,P07,South,4,24000
O02612,2025-06-07,P05,North,3,120000
O01245,2025-06-07,P05,South,4,160000
O02794,2025-06-07,P02,West,4,120000
O00702,2025-06-07,P04,West,4,100000
O00712,2025-06-08,P06,West,3,36000
O01683,2025-06-08,P08,South,1,2500
O02479,2025-06-08,P02,West,1,30000
O02393,2025-06-08,P05,North,1,40000
O01741,2025-06-08,P09,South,1,800
O00001,2025-06-08,P01,East,1,55000
O02896,2025-06-08,P09,West,4,3200
O01500,2025-06-08,P03,West,1,4000
O03695,2025-06-08,P07,North,2,12000
O02947,2025-06-08,P04,East,3,75000
O01255,2025-06-08,P02,North,4,120000
O01240,2025-06-08,P08,West,2,5000
O02888,2025-06-08,P08,North,3,7500
O02009,2025-06-08,P09,West,1,800
O00585,2025-06-08,P12,South,1,3500
O01759,2025-06-08,P06,East,3,36000
O03345,2025-06-08,P07,East,4,24000
O02934,2025-06-09,P01,East,4,220000
O01069,2025-06-09,P12,South,4,14000
O02103,2025-06-09,P06,North,3,36000
O02364,2025-06-09,P09,West,4,3200
O01453,2025-06-09,P06,North,2,24000
O01783,2025-06-09,P02,East,2,60000
O01268,2025-06-09,P11,North,2,9000
O03550,2025-06-10,P02,North,2,60000
O03405,2025-06-10,P11,West,3,13500
O03578,2025-06-10,P01,West,3,165000
O03404,2025-06-10,P12,North,1,3500
O00792,2025-06-10,P07,West,3,18000
O01479,2025-06-10,P10,East,4,8800
O00682,2025-06-10,P02,West,4,120000
O01524,2025-06-10,P08,South,3,7500
O00846,2025-06-10,P05,North,3,120000
O01415,2025-06-10,P07,North,1,6000
O02464,2025-06-10,P09,West,4,3200
O00672,2025-06-10,P05,North,2,80000
O01594,2025-06-10,P11,West,3,13500
O03328,2025-06-10,P01,West,2,110000
O01795,2025-06-10,P05,East,3,120000
O02060,2025-06-10,P01,North,1,55000
O01796,2025-06-10,P06,South,2,24000
O01577,2025-06-10,P04,North,4,100000
O03841,2025-06-11,P02,West,4,120000
O00204,2025-06-11,P08,North,1,2500
O02381,2025-06-11,P11,South,3,13500
O02466,2025-06-11,P04,East,2,50000
O03921,2025-06-11,P06,West,1,12000
O01921,2025-06-11,P12,North,2,7000
O02889,2025-06-11,P08,South,4,10000
O01510,2025-06-11,P11,North,2,9000
O01886,2025-06-11,P05,West,4,160000
O00993,2025-06-11,P02,North,1,30000
O02732,2025-06-12,P11,South,1,4500
O01447,2025-06-12,P09,West,4,3200
O00835,2025-06-12,P12,South,2,7000
O02640,2025-06-12,P05,East,3,120000
O00979,2025-06-12,P11,West,4,18000
O02267,2025-06-12,P04,South,3,75000
O00827,2025-06-12,P05,North,1,40000
O00277,2025-06-12,P09,North,1,800
O00615,2025-06-12,P12,North,1,3500
O01565,2025-06-12,P12,East,2,7000
O02694,2025-06-12,P06,West,1,12000
O02087,2025-06-13,P01,West,1,55000
O02502,2025-06-13,P08,North,4,10000
O03609,2025-06-13,P02,North,1,30000
O03500,2025-06-13,P06,East,4,48000
O02587,2025-06-13,P03,North,4,16000
O01777,2025-06-13,P01,North,1,55000
O02319,2025-06-13,P05,South,4,160000
O00947,2025-06-13,P03,West,2,8000
O00909,2025-06-13,P11,West,4,18000
O02865,2025-06-13,P10,North,1,2200
O02871,2025-06-13,P05,South,1,40000
O03554,2025-06-13,P04,North,4,100000
O03966,2025-06-13,P05,North,3,120000
O00790,2025-06-13,P11,South,2,9000
O02271,2025-06-14,P09,East,2,1600
O00046,2025-06-14,P03,North,2,8000
O01044,2025-06-14,P04,West,4,100000
O03149,2025-06-14,P11,North,1,4500
O01236,2025-06-14,P04,North,2,50000
O02402,2025-06-14,P08,East,3,7500
O00424,2025-06-14,P02,East,2,60000
O00417,2025-06-14,P05,West,1,40000
O00567,2025-06-14,P09,South,3,2400
O00007,2025-06-14,P03,East,1,4000
O02952,2025-06-14,P02,North,2,60000
O01519,2025-06-14,P11,South,4,18000
O02916,2025-06-14,P10,West,1,2200
O03425,2025-06-15,P09,West,4,3200
O03413,2025-06-15,P05,South,4,160000
O03712,2025-06-15,P09,East,2,1600
O03566,2025-06-15,P09,West,4,3200
O00524,2025-06-15,P12,North,3,10500
O02182,2025-06-15,P06,West,2,24000
O00111,2025-06-15,P04,South,1,25000
O02736,2025-06-15,P04,South,2,50000
O02752,2025-06-15,P02,North,4,120000
O00882,2025-06-15,P01,South,1,55000
O02037,2025-06-15,P09,South,1,800
O01746,2025-06-15,P10,North,2,4400
O00478,2025-06-16,P09,East,1,800
O02646,2025-06-16,P06,South,1,12000
O00852,2025-06-16,P09,North,2,1600
O00888,2025-06-16,P01,West,2,110000
O03782,2025-06-16,P09,West,4,3200
O03396,2025-06-16,P03,North,2,8000
O00048,2025-06-16,P12,East,1,3500
O01940,2025-06-16,P09,South,2,1600
O03440,2025-06-16,P04,East,3,75000
O00118,2025-06-16,P10,North,3,6600
O03095,2025-06-16,P05,North,3,120000
O02611,2025-06-17,P11,East,1,4500
O03651,2025-06-17,P04,West,3,75000
O02797,2025-06-17,P12,North,2,7000
O01220,2025-06-17,P06,West,1,12000
O03406,2025-06-17,P08,East,4,10000
O02707,2025-06-17,P11,North,2,9000
O03769,2025-06-17,P12,West,3,10500
O01249,2025-06-17,P09,East,2,1600
O03136,2025-06-17,P09,South,2,1600
O01122,2025-06-17,P08,West,1,2500
O02562,2025-06-18,P05,East,4,160000
O00266,2025-06-18,P09,North,1,800
O02648,2025-06-18,P06,South,1,12000
O03839,2025-06-18,P12,South,2,7000
O00568,2025-06-18,P03,South,3,12000
O03975,2025-06-18,P08,South,2,5000
O00205,2025-06-18,P02,South,3,90000
O00134,2025-06-18,P11,East,2,9000
O01332,2025-06-18,P02,East,3,90000
O02755,2025-06-18,P10,East,1,2200
O01969,2025-06-18,P11,West,2,9000
O02031,2025-06-19,P01,East,4,220000
O03656,2025-06-19,P08,West,4,10000
O00458,2025-06-19,P09,North,2,1600
O03154,2025-06-19,P09,East,1,800
O00541,2025-06-19,P04,East,2,50000
O01349,2025-06-19,P12,East,3,10500
O02809,2025-06-19,P12,East,1,3500
O03462,2025-06-19,P07,West,1,6000
O01313,2025-06-20,P07,East,2,12000
O01055,2025-06-20,P06,West,2,24000
O02015,2025-06-20,P06,East,2,24000
O00582,2025-06-20,P05,East,1,40000
O02824,2025-06-20,P11,South,4,18000
O01787,2025-06-20,P10,West,4,8800
O00105,2025-06-20,P11,South,1,4500
O00156,2025-06-20,P01,East,3,165000
O01693,2025-06-20,P07,South,4,24000
O03997,2025-06-20,P04,West,2,50000
O00917,2025-06-20,P10,North,2,4400
O00378,2025-06-21,P11,East,3,13500
O00968,2025-06-21,P07,North,3,18000
O02832,2025-06-21,P04,South,3,75000
O01299,2025-06-21,P04,South,3,75000
O01291,2025-06-21,P10,East,4,8800
O01554,2025-06-21,P11,West,2,9000
O03933,2025-06-21,P01,North,4,220000
O01819,2025-06-22,P09,East,3,2400
O01199,2025-06-22,P09,North,1,800
O00525,2025-06-22,P01,South,4,220000
O02028,2025-06-22,P02,South,1,30000
O00447,2025-06-22,P01,East,4,220000
O03372,2025-06-22,P09,East,2,1600
O01450,2025-06-22,P12,North,2,7000
O01915,2025-06-22,P05,East,4,160000
O02683,2025-06-22,P01,North,3,165000
O00795,2025-06-22,P07,North,2,12000
O01499,2025-06-22,P06,North,3,36000
O03276,2025-06-22,P06,East,2,24000
O01012,2025-06-22,P02,South,1,30000
O02608,2025-06-22,P11,North,1,4500
O02836,2025-06-22,P09,West,3,2400
O00744,2025-06-22,P12,North,4,14000
O00394,2025-06-22,P06,West,3,36000
O00651,2025-06-23,P06,West,1,12000
O02456,2025-06-23,P10,South,3,6600
O00340,2025-06-23,P03,East,1,4000
O02163,2025-06-23,P07,East,4,24000
O02426,2025-06-23,P09,West,3,2400
O01121,2025-06-23,P12,North,3,10500
O02974,2025-06-23,P02,South,4,120000
O03201,2025-06-23,P07,East,1,6000
O03941,2025-06-23,P09,West,1,800
O01230,2025-06-23,P11,South,3,13500
O02387,2025-06-23,P06,West,1,12000
O01362,2025-06-23,P05,North,1,40000
O03668,2025-06-23,P03,West,3,12000
O00016,2025-06-23,P10,East,1,2200
O00902,2025-06-23,P01,East,1,55000
O03926,2025-06-23,P10,East,3,6600
O03164,2025-06-23,P07,East,3,18000
O01966,2025-06-24,P01,North,2,110000
O03366,2025-06-24,P12,West,1,3500
O02577,2025-06-24,P01,South,3,165000
O02021,2025-06-24,P05,South,2,80000
O00939,2025-06-24,P10,South,1,2200
O02681,2025-06-24,P07,West,1,6000
O01602,2025-06-24,P02,South,3,90000
O00608,2025-06-24,P04,North,3,75000
O02301,2025-06-24,P01,North,2,110000
O01790,2025-06-24,P04,West,3,75000
O02930,2025-06-24,P05,North,4,160000
O02054,2025-06-24,P08,West,2,5000
O03036,2025-06-24,P09,South,4,3200
O01493,2025-06-24,P08,North,4,10000
O02245,2025-06-24,P07,West,4,24000
O00666,2025-06-24,P01,South,1,55000
O03867,2025-06-24,P12,North,1,3500
O01807,2025-06-24,P02,East,4,120000
O00670,2025-06-25,P11,East,3,13500
O03120,2025-06-25,P07,East,3,18000
O00800,2025-06-25,P11,South,4,18000
O01473,2025-06-25,P05,North,3,120000
O02288,2025-06-25,P01,North,4,220000
O03289,2025-06-25,P08,South,2,5000
O03845,2025-06-25,P12,North,4,14000
O01547,2025-06-26,P10,West,1,2200
O02749,2025-06-26,P02,North,1,30000
O02158,2025-06-26,P04,North,3,75000
O01485,2025-06-26,P09,East,3,2400
O03221,2025-06-26,P09,West,4,3200
O02078,2025-06-26,P02,North,4,120000
O03779,2025-06-27,P05,North,3,120000
O02735,2025-06-27,P12,North,2,7000
O00530,2025-06-27,P03,South,2,8000
O02990,2025-06-27,P12,East,2,7000
O02719,2025-06-27,P05,North,1,40000
O03533,2025-06-27,P03,West,2,8000
O03962,2025-06-28,P07,East,1,6000
O03555,2025-06-28,P02,West,1,30000
O00098,2025-06-28,P09,South,3,2400
O01035,2025-06-28,P07,West,3,18000
O02817,2025-06-28,P08,East,3,7500
O00244,2025-06-28,P11,East,3,13500
O00329,2025-06-28,P12,South,2,7000
O02451,2025-06-28,P03,South,3,12000
O03507,2025-06-28,P12,West,1,3500
O01799,2025-06-28,P07,South,2,12000
O02209,2025-06-28,P05,North,4,160000
O02775,2025-06-28,P10,West,3,6600
O01658,2025-06-29,P11,South,3,13500
O02834,2025-06-29,P01,South,2,110000
O03752,2025-06-29,P10,North,1,2200
O01926,2025-06-29,P05,North,3,120000
O02582,2025-06-29,P08,South,2,5000
O00797,2025-06-29,P04,East,3,75000
O00686,2025-06-29,P04,East,2,50000
O01772,2025-06-29,P10,West,3,6600
O02094,2025-06-29,P04,West,1,25000
O01818,2025-06-29,P12,South,2,7000
O01262,2025-06-29,P02,North,2,60000
O01650,2025-06-29,P12,North,4,14000
O00342,2025-06-30,P07,West,2,12000
O00842,2025-06-30,P01,West,2,110000
O00752,2025-06-30,P11,South,1,4500
O00335,2025-06-30,P11,East,4,18000
O00245,2025-06-30,P02,South,1,30000
O00801,2025-06-30,P12,West,4,14000
O00055,2025-06-30,P06,East,2,24000
O03690,2025-07-01,P11,South,3,13500
O03938,2025-07-01,P06,North,4,48000
O01531,2025-07-01,P09,West,3,2400
O00040,2025-07-01,P08,South,2,5000
O02943,2025-07-01,P04,East,3,75000
O03381,2025-07-01,P09,East,3,2400
O01719,2025-07-01,P03,South,1,4000
O01717,2025-07-01,P03,South,2,8000
O01168,2025-07-01,P12,East,2,7000
O01096,2025-07-01,P08,South,3,7500
O01135,2025-07-01,P05,South,2,80000
O01538,2025-07-01,P02,East,4,120000
O03265,2025-07-01,P08,South,3,7500
O01018,2025-07-01,P04,West,4,100000
O02260,2025-07-02,P03,East,2,8000
O03096,2025-07-02,P06,North,1,12000
O00558,2025-07-02,P09,South,2,1600
O03461,2025-07-02,P10,East,3,6600
O02246,2025-07-02,P07,North,1,6000
O01578,2025-07-02,P07,North,1,6000
O03023,2025-07-02,P11,West,1,4500
O02107,2025-07-02,P05,West,3,120000
O03251,2025-07-02,P11,South,4,18000
O00005,2025-07-02,P03,West,1,4000
O00494,2025-07-02,P01,West,3,165000
O02768,2025-07-02,P03,East,3,12000
O03699,2025-07-03,P10,East,1,2200
O00906,2025-07-03,P03,West,4,16000
O01982,2025-07-03,P12,North,1,3500
O02081,2025-07-03,P11,South,3,13500
O01811,2025-07-03,P08,West,4,10000
O00952,2025-07-03,P09,West,1,800
O01560,2025-07-03,P10,West,4,8800
O01467,2025-07-03,P03,West,3,12000
O02885,2025-07-03,P12,West,3,10500
O03291,2025-07-03,P10,North,4,8800
O03300,2025-07-03,P10,North,3,6600
O02653,2025-07-03,P11,North,2,9000
O00252,2025-07-04,P09,South,4,3200
O00737,2025-07-04,P03,West,3,12000
O01208,2025-07-04,P01,East,1,55000
O03948,2025-07-04,P10,East,2,4400
O01661,2025-07-04,P10,North,2,4400
O01680,2025-07-04,P09,South,4,3200
O03902,2025-07-04,P07,West,1,6000
O01301,2025-07-04,P01,North,4,220000
O03825,2025-07-04,P08,North,2,5000
O03863,2025-07-04,P06,West,1,12000
O00590,2025-07-04,P11,East,1,4500
O00683,2025-07-04,P02,South,2,60000
O02126,2025-07-04,P03,South,4,16000
O02873,2025-07-04,P04,South,3,75000
O03646,2025-07-04,P05,East,1,40000
O00267,2025-07-05,P04,South,4,100000
O02243,2025-07-05,P01,West,2,110000
O02988,2025-07-05,P02,North,4,120000
O03483,2025-07-05,P01,North,4,220000
O03317,2025-07-05,P09,North,4,3200
O03798,2025-07-05,P07,South,3,18000
O01392,2025-07-05,P10,West,4,8800
O02105,2025-07-05,P12,East,4,14000
O00635,2025-07-05,P04,East,4,100000
O01856,2025-07-05,P03,South,3,12000
O01204,2025-07-05,P05,East,3,120000
O01810,2025-07-05,P09,North,1,800
O02792,2025-07-05,P09,East,2,1600
O01635,2025-07-06,P08,North,1,2500
O03675,2025-07-06,P03,East,3,12000
O03089,2025-07-06,P01,West,3,165000
O02837,2025-07-06,P06,West,3,36000
O03177,2025-07-06,P04,North,3,75000
O01706,2025-07-06,P08,West,2,5000
O01716,2025-07-06,P04,East,1,25000
O02932,2025-07-06,P10,East,2,4400
O02734,2025-07-06,P02,West,1,30000
O01910,2025-07-06,P09,North,3,2400
O03731,2025-07-06,P05,South,2,80000
O01187,2025-07-06,P06,South,4,48000
O03342,2025-07-07,P11,East,2,9000
O00133,2025-07-07,P03,West,4,16000
O00647,2025-07-07,P12,South,4,14000
O00075,2025-07-07,P11,West,2,9000
O02506,2025-07-07,P03,West,1,4000
O01646,2025-07-07,P10,South,3,6600
O02559,2025-07-07,P11,South,1,4500
O00802,2025-07-07,P05,North,3,120000
O02868,2025-07-07,P07,South,1,6000
O02895,2025-07-07,P01,South,3,165000
O00317,2025-07-07,P08,West,1,2500
O01559,2025-07-07,P04,East,3,75000
O00004,2025-07-07,P03,South,4,16000
O01932,2025-07-07,P07,North,1,6000
O00177,2025-07-08,P10,West,3,6600
O00891,2025-07-08,P05,West,2,80000
O01766,2025-07-08,P01,North,3,165000
O02199,2025-07-08,P07,West,4,24000
O00321,2025-07-08,P11,North,2,9000
O03985,2025-07-08,P09,West,2,1600
O02978,2025-07-08,P07,East,1,6000
O02104,2025-07-08,P08,West,3,7500
O01581,2025-07-08,P11,West,1,4500
O00497,2025-07-08,P08,North,3,7500
O01972,2025-07-08,P05,West,4,160000
O01191,2025-07-08,P08,North,4,10000
O01486,2025-07-08,P04,East,3,75000
O00349,2025-07-08,P12,South,3,10500
O02875,2025-07-09,P09,North,2,1600
O01111,2025-07-09,P12,North,1,3500
O01919,2025-07-09,P11,South,1,4500
O03626,2025-07-09,P02,West,3,90000
O02187,2025-07-09,P11,West,2,9000
O01416,2025-07-09,P02,East,1,30000
O02804,2025-07-09,P08,North,1,2500
O00372,2025-07-09,P02,West,2,60000
O00080,2025-07-09,P07,South,4,24000
O01557,2025-07-09,P08,North,2,5000
O03080,2025-07-09,P11,East,2,9000
O00534,2025-07-10,P07,South,2,12000
O02141,2025-07-10,P02,East,3,90000
O00610,2025-07-10,P04,North,2,50000
O02924,2025-07-10,P06,North,2,24000
O01768,2025-07-10,P03,North,3,12000
O00544,2025-07-10,P04,East,1,25000
O01235,2025-07-10,P06,West,1,12000
O03881,2025-07-10,P02,West,3,90000
O02912,2025-07-10,P08,North,2,5000
O01250,2025-07-11,P10,East,2,4400
O03780,2025-07-11,P04,South,1,25000
O03972,2025-07-11,P09,North,4,3200
O03511,2025-07-11,P07,North,1,6000
O00235,2025-07-11,P04,East,1,25000
O03088,2025-07-11,P07,East,1,6000
O02554,2025-07-11,P02,South,4,120000
O02965,2025-07-11,P11,North,2,9000
O03679,2025-07-11,P05,North,4,160000
O00127,2025-07-11,P07,North,1,6000
O01463,2025-07-11,P04,West,4,100000
O01730,2025-07-12,P03,East,1,4000
O02530,2025-07-12,P03,South,1,4000
O01112,2025-07-12,P07,North,2,12000
O01494,2025-07-12,P11,South,3,13500
O01108,2025-07-12,P05,West,1,40000
O03376,2025-07-12,P12,East,2,7000
O03709,2025-07-12,P09,North,3,2400
O00553,2025-07-12,P07,South,4,24000
O00713,2025-07-12,P10,East,3,6600
O03079,2025-07-12,P08,West,4,10000
O01483,2025-07-12,P09,West,2,1600
O01061,2025-07-12,P01,West,1,55000
O02077,2025-07-13,P03,North,2,8000
O00217,2025-07-13,P08,South,3,7500
O03182,2025-07-13,P02,South,4,120000
O01452,2025-07-13,P01,East,4,220000
O01342,2025-07-13,P09,West,1,800
O03131,2025-07-13,P11,East,4,18000
O00255,2025-07-13,P06,North,1,12000
O01715,2025-07-13,P01,North,3,165000
O03412,2025-07-13,P03,South,2,8000
O02131,2025-07-13,P12,East,3,10500
O02774,2025-07-13,P06,West,3,36000
O01703,2025-07-13,P09,East,2,1600
O03932,2025-07-13,P08,West,3,7500
O00529,2025-07-13,P01,South,3,165000
O00645,2025-07-13,P04,East,1,25000
O00343,2025-07-14,P11,North,2,9000
O02857,2025-07-14,P05,West,4,160000
O00433,2025-07-14,P10,North,4,8800
O01963,2025-07-14,P11,West,3,13500
O02730,2025-07-14,P01,South,3,165000
O03953,2025-07-14,P07,South,3,18000
O00144,2025-07-14,P06,North,3,36000
O02684,2025-07-14,P02,North,1,30000
O01713,2025-07-15,P04,North,4,100000
O02627,2025-07-15,P07,South,4,24000
O02689,2025-07-15,P12,North,1,3500
O02196,2025-07-15,P05,East,2,80000
O03474,2025-07-15,P05,South,4,160000
O03776,2025-07-15,P02,East,1,30000
O03208,2025-07-15,P09,West,3,2400
O01592,2025-07-15,P03,East,2,8000
O03785,2025-07-15,P06,North,1,12000
O01854,2025-07-16,P08,East,3,7500
O02417,2025-07-16,P03,East,2,8000
O03065,2025-07-16,P11,East,1,4500
O01258,2025-07-16,P07,North,1,6000
O02609,2025-07-16,P08,South,3,7500
O00982,2025-07-16,P11,West,2,9000
O02210,2025-07-16,P05,South,3,120000
O03085,2025-07-16,P05,West,4,160000
O01219,2025-07-16,P09,North,3,2400
O00516,2025-07-16,P05,South,3,120000
O01841,2025-07-16,P07,North,3,18000
O01343,2025-07-16,P03,West,1,4000
O03256,2025-07-16,P12,North,2,7000
O00203,2025-07-16,P09,East,2,1600
O01898,2025-07-16,P08,West,4,10000
O02810,2025-07-16,P07,North,4,24000
O01402,2025-07-16,P04,West,2,50000
O03802,2025-07-16,P07,North,1,6000
O01059,2025-07-16,P10,South,2,4400
O01411,2025-07-16,P06,South,4,48000
O01071,2025-07-16,P10,West,2,4400
O01161,2025-07-16,P06,North,4,48000
O00250,2025-07-16,P11,West,2,9000
O00202,2025-07-17,P07,East,2,12000
O00872,2025-07-17,P08,North,2,5000
O03697,2025-07-17,P11,East,3,13500
O00640,2025-07-17,P12,East,1,3500
O00276,2025-07-17,P10,West,2,4400
O01370,2025-07-17,P04,South,1,25000
O03408,2025-07-17,P05,North,3,120000
O01709,2025-07-18,P09,West,3,2400
O00200,2025-07-18,P08,East,2,5000
O02448,2025-07-18,P06,West,2,24000
O02958,2025-07-18,P09,North,4,3200
O02654,2025-07-18,P08,West,4,10000
O00066,2025-07-18,P04,East,2,50000
O02079,2025-07-18,P07,East,2,12000
O00178,2025-07-18,P08,West,2,5000
O00473,2025-07-18,P10,South,2,4400
O03664,2025-07-18,P01,West,1,55000
O01934,2025-07-18,P03,North,3,12000
O01443,2025-07-19,P03,South,1,4000
O00897,2025-07-19,P01,West,1,55000
O00514,2025-07-19,P04,South,3,75000
O01920,2025-07-19,P10,North,3,6600
O03455,2025-07-19,P05,North,4,160000
O00794,2025-07-19,P04,West,4,100000
O00214,2025-07-19,P04,East,3,75000
O01701,2025-07-19,P06,North,2,24000
O02496,2025-07-19,P11,East,3,13500
O03292,2025-07-20,P12,South,4,14000
O03053,2025-07-20,P11,West,3,13500
O02430,2025-07-20,P08,South,3,7500
O02557,2025-07-20,P12,West,1,3500
O01670,2025-07-20,P02,East,2,60000
O00839,2025-07-20,P04,West,1,25000
O02806,2025-07-20,P06,South,4,48000
O03543,2025-07-20,P06,West,3,36000
O02532,2025-07-20,P10,West,3,6600
O03830,2025-07-20,P12,East,1,3500
O01310,2025-07-20,P11,South,1,4500
O02459,2025-07-20,P09,East,3,2400
O00858,2025-07-20,P04,North,1,25000
O03244,2025-07-20,P02,North,1,30000
O02604,2025-07-21,P07,East,1,6000
O03592,2025-07-21,P07,South,1,6000
O00512,2025-07-21,P10,West,2,4400
O02593,2025-07-21,P08,South,3,7500
O02108,2025-07-21,P11,South,3,13500
O01556,2025-07-21,P09,North,2,1600
O03320,2025-07-21,P06,South,3,36000
O01425,2025-07-21,P05,East,2,80000
O03683,2025-07-22,P06,West,4,48000
O03581,2025-07-22,P01,South,1,55000
O01277,2025-07-22,P12,North,4,14000
O00072,2025-07-22,P07,South,2,12000
O00300,2025-07-22,P02,South,2,60000
O02569,2025-07-22,P12,South,2,7000
O01685,2025-07-22,P09,East,2,1600
O02840,2025-07-22,P05,South,4,160000
O02317,2025-07-22,P10,East,2,4400
O00829,2025-07-22,P10,North,2,4400
O00569,2025-07-22,P11,West,2,9000
O02634,2025-07-22,P06,North,3,36000
O02682,2025-07-23,P01,West,1,55000
O00345,2025-07-23,P12,East,4,14000
O01830,2025-07-23,P11,East,4,18000
O02017,2025-07-23,P07,East,3,18000
O02213,2025-07-23,P09,North,3,2400
O01850,2025-07-23,P01,East,2,110000
O01422,2025-07-23,P12,South,2,7000
O00999,2025-07-23,P03,West,4,16000
O02723,2025-07-23,P11,South,1,4500
O00533,2025-07-24,P10,North,2,4400
O02437,2025-07-24,P01,East,2,110000
O02599,2025-07-24,P06,East,1,12000
O03900,2025-07-24,P03,South,4,16000
O00822,2025-07-24,P11,East,3,13500
O01147,2025-07-24,P11,South,1,4500
O03069,2025-07-24,P08,West,4,10000
O02762,2025-07-24,P11,North,3,13500
O03517,2025-07-24,P06,South,4,48000
O01942,2025-07-24,P09,South,4,3200
O03522,2025-07-24,P11,West,4,18000
O01050,2025-07-24,P09,East,2,1600
O02239,2025-07-24,P01,South,1,55000
O00029,2025-07-24,P06,East,2,24000
O00304,2025-07-24,P08,West,4,10000
O03051,2025-07-25,P09,South,2,1600
O03163,2025-07-25,P03,East,2,8000
O01657,2025-07-25,P09,East,3,2400
O01164,2025-07-25,P12,West,2,7000
O03020,2025-07-25,P09,South,3,2400
O01420,2025-07-25,P03,West,4,16000
O02543,2025-07-25,P11,East,4,18000
O00535,2025-07-25,P07,West,3,18000
O01529,2025-07-25,P08,North,3,7500
O02203,2025-07-25,P10,West,4,8800
O01267,2025-07-25,P07,South,1,6000
O03398,2025-07-26,P04,West,4,100000
O00369,2025-07-26,P09,East,4,3200
O01205,2025-07-26,P01,East,2,110000
O02186,2025-07-26,P01,North,2,110000
O01167,2025-07-26,P07,South,2,12000
O00261,2025-07-26,P02,South,2,60000
O03694,2025-07-26,P08,North,3,7500
O01401,2025-07-26,P10,West,3,6600
O02741,2025-07-26,P07,North,3,18000
O00027,2025-07-26,P10,East,4,8800
O00155,2025-07-26,P09,South,3,2400
O03139,2025-07-26,P07,North,2,12000
O03673,2025-07-26,P03,West,3,12000
O02733,2025-07-26,P11,East,1,4500
O01428,2025-07-26,P06,North,1,12000
O03710,2025-07-26,P02,East,3,90000
O03944,2025-07-26,P04,East,3,75000
O03397,2025-07-27,P03,North,2,8000
O00626,2025-07-27,P11,South,3,13500
O03128,2025-07-27,P01,South,2,110000
O02084,2025-07-27,P07,East,1,6000
O03635,2025-07-27,P10,North,2,4400
O03021,2025-07-27,P07,North,2,12000
O02454,2025-07-27,P08,East,3,7500
O02626,2025-07-28,P05,South,2,80000
O00125,2025-07-28,P07,South,2,12000
O03335,2025-07-28,P11,West,4,18000
O01146,2025-07-28,P08,East,2,5000
O03312,2025-07-28,P09,West,3,2400
O01072,2025-07-28,P08,South,1,2500
O02657,2025-07-28,P09,West,1,800
O00382,2025-07-28,P03,West,3,12000
O03075,2025-07-28,P11,North,4,18000
O02153,2025-07-28,P06,South,3,36000
O01323,2025-07-28,P12,South,2,7000
O03866,2025-07-28,P09,South,1,800
O02421,2025-07-28,P09,South,2,1600
O03588,2025-07-29,P06,North,4,48000
O02174,2025-07-29,P04,North,4,100000
O02829,2025-07-29,P01,East,2,110000
O03617,2025-07-29,P01,West,4,220000
O01791,2025-07-29,P12,North,2,7000
O02134,2025-07-29,P12,South,2,7000
O00295,2025-07-29,P03,West,4,16000
O01298,2025-07-29,P12,South,1,3500
O03048,2025-07-29,P04,East,3,75000
O03489,2025-07-30,P05,North,4,160000
O00556,2025-07-30,P04,West,4,100000
O01998,2025-07-30,P01,North,2,110000
O02957,2025-07-30,P10,East,4,8800
O02982,2025-07-30,P10,East,1,2200
O03441,2025-07-30,P10,South,2,4400
O02312,2025-07-30,P06,East,3,36000
O03357,2025-07-30,P07,East,1,6000
O03063,2025-07-30,P07,East,2,12000
O01695,2025-07-31,P09,West,1,800
O02981,2025-07-31,P06,North,2,24000
O00685,2025-07-31,P11,South,2,9000
O02779,2025-07-31,P05,North,2,80000
O01218,2025-07-31,P01,South,2,110000
O01631,2025-07-31,P11,East,1,4500
O02038,2025-07-31,P09,East,2,1600
O00578,2025-07-31,P07,East,1,6000
O02478,2025-07-31,P08,West,1,2500
O00597,2025-07-31,P12,North,3,10500
O02852,2025-07-31,P09,West,2,1600
O02976,2025-08-01,P11,West,2,9000
O03003,2025-08-01,P04,South,1,25000
O03456,2025-08-01,P09,North,2,1600
O02173,2025-08-01,P04,East,3,75000
O01689,2025-08-01,P12,South,3,10500
O02241,2025-08-01,P11,South,3,13500
O02321,2025-08-01,P01,East,4,220000
O02568,2025-08-01,P10,South,3,6600
O03832,2025-08-01,P01,North,3,165000
O01171,2025-08-01,P12,North,2,7000
O03775,2025-08-02,P12,South,2,7000
O02453,2025-08-02,P05,West,1,40000
O03181,2025-08-02,P12,South,4,14000
O00410,2025-08-02,P08,South,3,7500
O03477,2025-08-02,P11,West,1,4500
O00972,2025-08-02,P01,West,3,165000
O03130,2025-08-02,P02,North,3,90000
O01074,2025-08-02,P12,East,3,10500
O00311,2025-08-02,P05,South,3,120000
O00560,2025-08-02,P03,East,1,4000
O03106,2025-08-02,P07,South,2,12000
O02151,2025-08-03,P10,South,1,2200
O00253,2025-08-03,P08,South,4,10000
O02359,2025-08-03,P06,North,1,12000
O03546,2025-08-03,P09,South,3,2400
O02268,2025-08-03,P10,East,1,2200
O03436,2025-08-03,P04,East,3,75000
O02585,2025-08-03,P02,East,3,90000
O02939,2025-08-03,P11,North,4,18000
O00804,2025-08-03,P10,South,3,6600
O01242,2025-08-03,P10,East,1,2200
O01149,2025-08-03,P01,East,4,220000
O00057,2025-08-03,P08,South,1,2500
O03700,2025-08-03,P03,East,4,16000
O03283,2025-08-04,P05,West,3,120000
O00059,2025-08-04,P10,North,1,2200
O03086,2025-08-04,P12,East,2,7000
O03198,2025-08-04,P10,North,2,4400
O02256,2025-08-04,P09,North,2,1600
O01877,2025-08-04,P12,South,4,14000
O02971,2025-08-04,P06,West,4,48000
O00977,2025-08-04,P07,East,1,6000
O02416,2025-08-04,P06,East,1,12000
O00563,2025-08-04,P09,East,2,1600
O00153,2025-08-04,P09,East,1,800
O03535,2025-08-04,P11,East,3,13500
O01888,2025-08-04,P07,East,4,24000
O01271,2025-08-05,P11,West,2,9000
O03880,2025-08-05,P01,South,2,110000
O01617,2025-08-05,P12,North,2,7000
O02374,2025-08-05,P01,East,3,165000
O02756,2025-08-05,P11,North,1,4500
O03872,2025-08-05,P07,East,2,12000
O02293,2025-08-05,P07,North,3,18000
O00890,2025-08-05,P10,East,1,2200
O02919,2025-08-05,P03,South,3,12000
O01194,2025-08-05,P11,North,4,18000
O00867,2025-08-05,P11,East,3,13500
O01080,2025-08-05,P02,East,1,30000
O02826,2025-08-05,P05,East,3,120000
O02825,2025-08-05,P07,North,2,12000
O03645,2025-08-05,P04,North,2,50000
O01923,2025-08-06,P09,South,4,3200
O03057,2025-08-06,P01,South,4,220000
O03042,2025-08-06,P08,North,4,10000
O01476,2025-08-06,P08,East,2,5000
O03955,2025-08-06,P05,East,3,120000
O01361,2025-08-06,P04,South,1,25000
O01434,2025-08-06,P01,East,3,165000
O03261,2025-08-06,P03,South,3,12000
O03091,2025-08-06,P09,East,1,800
O02446,2025-08-06,P11,West,1,4500
O01511,2025-08-06,P01,South,2,110000
O03912,2025-08-07,P02,East,4,120000
O03074,2025-08-07,P10,North,1,2200
O02431,2025-08-07,P06,East,3,36000
O00158,2025-08-07,P02,West,4,120000
O00996,2025-08-07,P03,South,3,12000
O01379,2025-08-07,P09,West,2,1600
O02925,2025-08-07,P03,East,4,16000
O03587,2025-08-07,P01,East,3,165000
O02207,2025-08-07,P05,West,4,160000
O01906,2025-08-07,P01,South,2,110000
O00086,2025-08-07,P06,North,4,48000
O00841,2025-08-07,P09,West,4,3200
O03066,2025-08-07,P06,East,3,36000
O03873,2025-08-08,P01,South,1,55000
O03009,2025-08-08,P09,East,1,800
O03141,2025-08-08,P05,East,2,80000
O02180,2025-08-08,P07,North,3,18000
O00229,2025-08-08,P07,East,1,6000
O01760,2025-08-08,P02,West,3,90000
O02303,2025-08-08,P02,West,2,60000
O01781,2025-08-08,P02,North,4,120000
O02570,2025-08-08,P12,South,1,3500
O01130,2025-08-08,P09,South,4,3200
O01385,2025-08-08,P05,North,3,120000
O00798,2025-08-08,P01,North,3,165000
O00934,2025-08-09,P10,North,1,2200
O01946,2025-08-09,P04,East,4,100000
O00850,2025-08-09,P02,North,1,30000
O03990,2025-08-09,P07,East,3,18000
O00413,2025-08-09,P10,North,2,4400
O03833,2025-08-09,P10,South,1,2200
O01875,2025-08-09,P08,South,1,2500
O03255,2025-08-09,P06,West,4,48000
O03371,2025-08-10,P03,West,4,16000
O00749,2025-08-10,P11,West,3,13500
O02229,2025-08-10,P10,East,1,2200
O01165,2025-08-10,P02,East,3,90000
O02114,2025-08-10,P03,South,1,4000
O03361,2025-08-10,P05,East,3,120000
O02465,2025-08-10,P05,East,1,40000
O00259,2025-08-10,P03,South,3,12000
O03624,2025-08-10,P01,North,4,220000
O01077,2025-08-10,P12,North,1,3500
O00548,2025-08-11,P09,West,1,800
O03763,2025-08-11,P12,South,3,10500
O00467,2025-08-11,P09,South,2,1600
O02717,2025-08-11,P02,North,4,120000
O03029,2025-08-11,P03,South,3,12000
O00387,2025-08-11,P07,South,3,18000
O01533,2025-08-11,P02,East,1,30000
O02318,2025-08-11,P08,East,2,5000
O00847,2025-08-11,P03,East,4,16000
O02914,2025-08-11,P11,West,3,13500
O00703,2025-08-11,P06,South,3,36000
O01801,2025-08-11,P11,West,2,9000
O03821,2025-08-11,P05,South,4,160000
O01752,2025-08-12,P07,West,2,12000
O01981,2025-08-12,P04,South,4,100000
O02324,2025-08-12,P10,East,3,6600
O01579,2025-08-12,P07,North,2,12000
O02803,2025-08-12,P04,West,1,25000
O01304,2025-08-12,P05,East,2,80000
O02259,2025-08-12,P04,East,2,50000
O00154,2025-08-13,P01,North,1,55000
O00885,2025-08-13,P01,South,2,110000
O01335,2025-08-13,P09,South,2,1600
O01139,2025-08-13,P03,West,1,4000
O03247,2025-08-13,P01,West,3,165000
O03834,2025-08-13,P09,North,2,1600
O01872,2025-08-13,P08,North,1,2500
O01107,2025-08-14,P07,East,3,18000
O02435,2025-08-14,P03,East,1,4000
O02469,2025-08-14,P02,North,1,30000
O03210,2025-08-14,P03,East,2,8000
O01354,2025-08-14,P12,North,1,3500
O02949,2025-08-14,P03,South,4,16000
O00215,2025-08-14,P04,West,1,25000
O02075,2025-08-14,P03,West,4,16000
O01800,2025-08-14,P03,West,4,16000
O01336,2025-08-14,P04,West,1,25000
O02366,2025-08-14,P01,South,2,110000
O02503,2025-08-15,P01,West,3,165000
O00551,2025-08-15,P03,North,1,4000
O00283,2025-08-15,P03,South,4,16000
O00786,2025-08-15,P08,North,3,7500
O03774,2025-08-15,P07,South,1,6000
O00796,2025-08-15,P08,West,4,10000
O03923,2025-08-15,P11,West,2,9000
O01442,2025-08-15,P04,East,3,75000
O03589,2025-08-16,P06,South,4,48000
O00182,2025-08-16,P02,West,3,90000
O03030,2025-08-16,P03,West,2,8000
O02477,2025-08-16,P12,West,1,3500
O02011,2025-08-16,P06,East,4,48000
O00787,2025-08-16,P04,South,1,25000
O02625,2025-08-16,P11,South,3,13500
O01368,2025-08-16,P09,West,3,2400
O03479,2025-08-16,P06,South,4,48000
O00681,2025-08-16,P05,East,2,80000
O00052,2025-08-17,P12,North,3,10500
O02594,2025-08-17,P12,East,3,10500
O01736,2025-08-17,P02,North,4,120000
O00518,2025-08-17,P05,West,3,120000
O00986,2025-08-17,P02,South,1,30000
O00660,2025-08-17,P04,North,3,75000
O03530,2025-08-17,P10,East,1,2200
O00468,2025-08-17,P03,East,2,8000
O02463,2025-08-17,P09,North,1,800
O01095,2025-08-17,P04,West,4,100000
O02348,2025-08-17,P12,West,4,14000
O03280,2025-08-17,P03,North,4,16000
O01928,2025-08-18,P04,West,4,100000
O01734,2025-08-18,P05,North,3,120000
O00680,2025-08-18,P09,West,1,800
O03739,2025-08-18,P05,North,1,40000
O03606,2025-08-18,P07,West,4,24000
O03230,2025-08-19,P02,North,1,30000
O02326,2025-08-19,P06,East,4,48000
O00042,2025-08-19,P11,West,2,9000
O00474,2025-08-19,P11,West,2,9000
O00773,2025-08-19,P08,South,4,10000
O01647,2025-08-19,P04,South,4,100000
O00444,2025-08-19,P12,North,2,7000
O01150,2025-08-19,P11,North,3,13500
O03224,2025-08-20,P07,North,3,18000
O01668,2025-08-20,P10,East,2,4400
O03910,2025-08-20,P02,West,2,60000
O03302,2025-08-20,P01,West,2,110000
O00101,2025-08-20,P09,East,1,800
O02334,2025-08-20,P05,South,4,160000
O00565,2025-08-20,P05,West,4,160000
O00028,2025-08-20,P08,North,3,7500
O00823,2025-08-21,P03,East,2,8000
O02862,2025-08-21,P10,West,3,6600
O00722,2025-08-21,P11,South,3,13500
O01823,2025-08-21,P10,West,3,6600
O02295,2025-08-21,P04,West,1,25000
O02330,2025-08-21,P03,North,2,8000
O03373,2025-08-21,P03,West,3,12000
O00247,2025-08-21,P09,South,3,2400
O00591,2025-08-21,P04,East,3,75000
O02071,2025-08-21,P01,North,1,55000
O03510,2025-08-21,P11,South,1,4500
O01133,2025-08-21,P12,East,4,14000
O02279,2025-08-22,P01,North,4,220000
O01124,2025-08-22,P07,West,2,12000
O00440,2025-08-22,P04,East,1,25000
O03848,2025-08-22,P03,East,1,4000
O00774,2025-08-22,P08,West,3,7500
O03585,2025-08-22,P10,South,4,8800
O02696,2025-08-22,P08,East,3,7500
O02139,2025-08-22,P10,North,2,4400
O03954,2025-08-22,P03,South,4,16000
O01376,2025-08-22,P02,North,3,90000
O02262,2025-08-22,P01,East,4,220000
O00727,2025-08-22,P07,North,4,24000
O02188,2025-08-22,P01,North,4,220000
O00135,2025-08-22,P09,North,2,1600
O00816,2025-08-22,P11,South,4,18000
O02394,2025-08-22,P01,North,3,165000
O02505,2025-08-22,P08,North,2,5000
O02470,2025-08-23,P08,South,1,2500
O03791,2025-08-23,P09,North,3,2400
O02467,2025-08-23,P02,West,3,90000
O03209,2025-08-23,P12,North,1,3500
O01093,2025-08-23,P01,West,3,165000
O01182,2025-08-23,P12,North,4,14000
O02005,2025-08-23,P09,West,4,3200
O02494,2025-08-23,P07,North,4,24000
O00131,2025-08-23,P11,East,4,18000
O03275,2025-08-23,P01,East,2,110000
O02973,2025-08-23,P03,South,4,16000
O02765,2025-08-23,P04,West,1,25000
O02352,2025-08-24,P05,West,1,40000
O02887,2025-08-24,P02,South,3,90000
O02628,2025-08-24,P03,East,2,8000
O02571,2025-08-24,P05,West,3,120000
O03001,2025-08-24,P09,East,3,2400
O03049,2025-08-24,P11,North,3,13500
O02595,2025-08-24,P08,West,4,10000
O00479,2025-08-24,P02,South,2,60000
O01478,2025-08-25,P01,South,1,55000
O01755,2025-08-25,P02,South,4,120000
O02915,2025-08-25,P04,West,1,25000
O03890,2025-08-25,P12,West,3,10500
O01334,2025-08-25,P11,East,4,18000
O02024,2025-08-25,P05,West,1,40000
O03904,2025-08-25,P12,North,3,10500
O01414,2025-08-25,P06,North,2,24000
O01893,2025-08-25,P10,North,2,4400
O03947,2025-08-25,P01,West,1,55000
O01000,2025-08-25,P05,North,2,80000
O00886,2025-08-26,P09,South,1,800
O02305,2025-08-26,P05,South,3,120000
O03133,2025-08-26,P03,East,2,8000
O00110,2025-08-26,P03,South,4,16000
O00268,2025-08-26,P03,East,4,16000
O01490,2025-08-26,P04,East,1,25000
O00636,2025-08-26,P01,North,4,220000
O00275,2025-08-26,P09,East,1,800
O02697,2025-08-26,P08,East,4,10000
O00053,2025-08-26,P01,West,1,55000
O02357,2025-08-26,P12,South,3,10500
O03156,2025-08-26,P01,North,2,110000
O02189,2025-08-27,P03,West,3,12000
O02851,2025-08-27,P06,West,2,24000
O03026,2025-08-27,P09,North,2,1600
O01302,2025-08-27,P05,North,3,120000
O00715,2025-08-27,P01,West,1,55000
O00495,2025-08-27,P10,North,4,8800
O01737,2025-08-27,P11,South,3,13500
O01957,2025-08-27,P01,West,3,165000
O02298,2025-08-27,P02,South,3,90000
O01315,2025-08-28,P05,North,3,120000
O01213,2025-08-28,P12,East,3,10500
O03724,2025-08-28,P03,West,2,8000
O00869,2025-08-28,P03,West,1,4000
O02155,2025-08-28,P03,East,2,8000
O03238,2025-08-28,P12,East,2,7000
O02164,2025-08-28,P09,North,3,2400
O02090,2025-08-28,P01,East,2,110000
O03153,2025-08-29,P02,East,2,60000
O00446,2025-08-29,P06,North,3,36000
O02253,2025-08-29,P09,East,2,1600
O03849,2025-08-29,P01,East,1,55000
O00840,2025-08-29,P11,North,3,13500
O03439,2025-08-29,P07,East,4,24000
O02540,2025-08-29,P11,West,2,9000
O03783,2025-08-29,P10,East,3,6600
O00081,2025-08-30,P01,West,2,110000
O02184,2025-08-30,P08,North,2,5000
O00655,2025-08-30,P12,West,3,10500
O03299,2025-08-30,P08,North,1,2500
O02539,2025-08-30,P06,East,4,48000
O03983,2025-08-30,P08,North,2,5000
O02128,2025-08-30,P11,South,3,13500
O03787,2025-08-30,P09,West,2,1600
O01248,2025-08-30,P07,North,3,18000
O03480,2025-08-30,P06,South,4,48000
O03038,2025-08-30,P02,East,2,60000
O02668,2025-08-30,P02,North,4,120000
O03093,2025-08-31,P04,West,4,100000
O02389,2025-08-31,P11,North,1,4500
O03390,2025-08-31,P06,South,3,36000
O00023,2025-08-31,P01,South,3,165000
O03993,2025-08-31,P12,North,3,10500
O01438,2025-08-31,P01,North,1,55000
O00026,2025-09-01,P10,West,2,4400
O01270,2025-09-01,P11,West,2,9000
O02835,2025-09-01,P05,East,3,120000
O01137,2025-09-01,P05,East,2,80000
O01140,2025-09-01,P08,South,2,5000
O03603,2025-09-01,P08,East,2,5000
O03614,2025-09-01,P07,North,3,18000
O02320,2025-09-01,P11,West,4,18000
O01474,2025-09-01,P12,North,2,7000
O02623,2025-09-01,P10,East,1,2200
O03658,2025-09-01,P06,West,1,12000
O01148,2025-09-02,P05,North,4,160000
O03306,2025-09-02,P05,East,2,80000
O00248,2025-09-02,P07,East,4,24000
O00017,2025-09-02,P07,North,2,12000
O03190,2025-09-02,P01,North,3,165000
O00162,2025-09-02,P06,East,2,24000
O03185,2025-09-02,P10,South,1,2200
O03379,2025-09-02,P07,West,4,24000
O00356,2025-09-02,P09,North,1,800
O00061,2025-09-02,P12,West,2,7000
O02740,2025-09-02,P01,South,4,220000
O02555,2025-09-02,P08,West,2,5000
O01687,2025-09-02,P05,South,1,40000
O01704,2025-09-02,P11,South,4,18000
O02923,2025-09-02,P10,South,3,6600
O00873,2025-09-02,P03,South,4,16000
O00287,2025-09-03,P02,South,1,30000
O03323,2025-09-03,P07,East,2,12000
O00400,2025-09-03,P12,North,4,14000
O02572,2025-09-03,P06,South,2,24000
O03594,2025-09-03,P09,West,3,2400
O01767,2025-09-03,P11,South,4,18000
O03819,2025-09-03,P12,East,4,14000
O02423,2025-09-03,P09,West,2,1600
O00313,2025-09-03,P03,South,4,16000
O00500,2025-09-03,P11,South,2,9000
O02800,2025-09-03,P06,South,2,24000
O02275,2025-09-03,P07,South,2,12000
O03452,2025-09-04,P12,South,1,3500
O01980,2025-09-04,P08,South,3,7500
O00464,2025-09-04,P05,East,4,160000
O01600,2025-09-04,P04,North,3,75000
O02115,2025-09-04,P01,North,4,220000
O03303,2025-09-04,P05,East,3,120000
O03842,2025-09-04,P09,North,1,800
O00705,2025-09-04,P03,East,3,12000
O03680,2025-09-04,P10,South,1,2200
O03991,2025-09-04,P08,East,2,5000
O03415,2025-09-05,P07,East,2,12000
O03508,2025-09-05,P01,West,4,220000
O00285,2025-09-05,P06,West,1,12000
O02972,2025-09-05,P06,West,2,24000
O00740,2025-09-05,P10,West,3,6600
O01390,2025-09-05,P04,East,4,100000
O01120,2025-09-05,P05,South,2,80000
O01505,2025-09-05,P12,West,4,14000
O01831,2025-09-05,P08,East,1,2500
O01094,2025-09-05,P06,North,1,12000
O00368,2025-09-05,P09,West,3,2400
O00449,2025-09-05,P06,East,4,48000
O03942,2025-09-05,P06,South,3,36000
O00696,2025-09-06,P02,East,1,30000
O03703,2025-09-06,P05,East,1,40000
O02002,2025-09-06,P08,West,3,7500
O03197,2025-09-06,P04,West,2,50000
O03584,2025-09-06,P04,East,4,100000
O01948,2025-09-06,P08,South,3,7500
O01575,2025-09-06,P07,North,2,12000
O01539,2025-09-06,P07,East,2,12000
O03928,2025-09-06,P08,South,3,7500
O02525,2025-09-06,P05,West,1,40000
O03426,2025-09-06,P04,North,4,100000
O01360,2025-09-06,P06,East,2,24000
O00789,2025-09-07,P07,West,1,6000
O01838,2025-09-07,P04,West,1,25000
O00333,2025-09-07,P05,South,3,120000
O00013,2025-09-07,P09,South,3,2400
O01897,2025-09-07,P05,North,1,40000
O01846,2025-09-07,P04,South,1,25000
O00392,2025-09-07,P09,West,1,800
O00974,2025-09-07,P04,South,3,75000
O02933,2025-09-07,P01,South,1,55000
O02629,2025-09-07,P09,West,2,1600
O03894,2025-09-07,P08,East,1,2500
O00814,2025-09-07,P12,West,3,10500
O01943,2025-09-07,P09,South,2,1600
O02036,2025-09-08,P06,South,4,48000
O02444,2025-09-08,P01,West,2,110000
O02669,2025-09-08,P09,South,3,2400
O02553,2025-09-08,P05,South,1,40000
O02233,2025-09-08,P04,North,2,50000
O00140,2025-09-08,P04,West,2,50000
O01865,2025-09-08,P07,South,3,18000
O02686,2025-09-08,P02,West,2,60000
O02190,2025-09-08,P04,East,4,100000
O03727,2025-09-09,P03,South,4,16000
O01179,2025-09-09,P05,East,2,80000
O02788,2025-09-09,P02,East,4,120000
O00883,2025-09-09,P12,East,3,10500
O00879,2025-09-09,P03,North,2,8000
O03996,2025-09-09,P05,West,2,80000
O00783,2025-09-09,P11,North,4,18000
O03814,2025-09-09,P05,North,3,120000
O01065,2025-09-10,P09,South,3,2400
O01506,2025-09-10,P12,West,2,7000
O03418,2025-09-10,P10,North,1,2200
O00987,2025-09-10,P03,West,4,16000
O02773,2025-09-10,P01,North,3,165000
O01515,2025-09-10,P12,East,3,10500
O02966,2025-09-10,P03,South,1,4000
O02118,2025-09-10,P11,South,2,9000
O03370,2025-09-11,P03,North,2,8000
O03464,2025-09-11,P04,West,1,25000
O03820,2025-09-11,P10,South,1,2200
O02341,2025-09-11,P07,West,2,12000
O03501,2025-09-11,P03,West,2,8000
O03035,2025-09-11,P04,North,2,50000
O02277,2025-09-11,P07,North,4,24000
O00788,2025-09-11,P04,East,3,75000
O02821,2025-09-11,P05,South,4,160000
O01412,2025-09-11,P01,West,1,55000
O00093,2025-09-11,P06,South,3,36000
O03577,2025-09-12,P03,West,3,12000
O02550,2025-09-12,P11,South,4,18000
O02486,2025-09-12,P06,East,2,24000
O02708,2025-09-12,P01,South,4,220000
O02343,2025-09-12,P07,West,3,18000
O03965,2025-09-12,P06,East,1,12000
O01041,2025-09-12,P06,South,4,48000
O01281,2025-09-12,P12,East,3,10500
O00324,2025-09-12,P12,West,1,3500
O03621,2025-09-12,P08,North,1,2500
O00038,2025-09-12,P12,North,3,10500
O03186,2025-09-13,P07,West,1,6000
O03314,2025-09-13,P02,North,4,120000
O00296,2025-09-13,P04,North,3,75000
O03666,2025-09-13,P12,East,3,10500
O00678,2025-09-13,P01,South,4,220000
O01002,2025-09-14,P11,East,1,4500
O02641,2025-09-14,P09,East,4,3200
O03696,2025-09-14,P11,North,1,4500
O02044,2025-09-14,P12,West,4,14000
O03914,2025-09-14,P12,North,1,3500
O03356,2025-09-14,P07,East,4,24000
O00352,2025-09-14,P07,East,3,18000
O02589,2025-09-14,P09,West,4,3200
O02110,2025-09-14,P10,South,2,4400
O02917,2025-09-14,P09,North,4,3200
O01984,2025-09-14,P02,South,1,30000
O00466,2025-09-14,P02,East,4,120000
O03305,2025-09-14,P02,North,2,60000
O01100,2025-09-14,P02,West,2,60000
O03980,2025-09-15,P11,South,1,4500
O00669,2025-09-15,P03,South,1,4000
O02870,2025-09-15,P02,East,1,30000
O03473,2025-09-15,P08,North,3,7500
O01356,2025-09-15,P03,East,2,8000
O01988,2025-09-15,P01,South,1,55000
O02665,2025-09-15,P11,South,3,13500
O03071,2025-09-15,P11,North,4,18000
O01528,2025-09-15,P03,West,4,16000
O00994,2025-09-15,P05,East,1,40000
O02085,2025-09-16,P06,South,3,36000
O02344,2025-09-16,P06,South,4,48000
O01192,2025-09-16,P04,East,1,25000
O03505,2025-09-16,P09,South,2,1600
O01319,2025-09-16,P02,North,4,120000
O00806,2025-09-16,P09,East,1,800
O01812,2025-09-16,P09,East,4,3200
O01263,2025-09-16,P05,North,1,40000
O00119,2025-09-16,P11,North,1,4500
O02263,2025-09-16,P02,North,4,120000
O03052,2025-09-16,P12,East,2,7000
O01006,2025-09-16,P08,North,3,7500
O01698,2025-09-17,P11,West,4,18000
O03969,2025-09-17,P07,East,4,24000
O01629,2025-09-17,P05,East,4,160000
O02144,2025-09-17,P07,South,3,18000
O01435,2025-09-17,P05,East,3,120000
O00751,2025-09-17,P06,East,3,36000
O03529,2025-09-17,P02,East,2,60000
O00845,2025-09-17,P09,South,1,800
O00418,2025-09-17,P09,East,4,3200
O00849,2025-09-17,P02,East,2,60000
O01358,2025-09-17,P06,North,2,24000
O00924,2025-09-17,P12,East,3,10500
O01377,2025-09-17,P09,South,4,3200
O00263,2025-09-18,P10,East,4,8800
O00280,2025-09-18,P09,North,4,3200
O02984,2025-09-18,P06,West,1,12000
O03333,2025-09-18,P12,South,4,14000
O00775,2025-09-18,P05,East,2,80000
O01153,2025-09-18,P09,West,4,3200
O01927,2025-09-18,P09,North,1,800
O01501,2025-09-19,P10,West,1,2200
O01303,2025-09-19,P03,North,4,16000
O03269,2025-09-19,P09,West,1,800
O03451,2025-09-19,P08,East,2,5000
O01636,2025-09-19,P10,West,4,8800
O02449,2025-09-19,P02,South,3,90000
O03313,2025-09-19,P02,North,4,120000
O02547,2025-09-19,P05,East,3,120000
O00095,2025-09-19,P08,West,3,7500
O03542,2025-09-19,P03,South,4,16000
O01908,2025-09-19,P02,South,1,30000
O00170,2025-09-19,P09,North,2,1600
O03056,2025-09-19,P03,West,4,16000
O03059,2025-09-19,P06,South,2,24000
O02839,2025-09-19,P11,North,2,9000
O02045,2025-09-19,P11,North,4,18000
O01665,2025-09-20,P12,South,2,7000
O00649,2025-09-20,P09,East,1,800
O01075,2025-09-20,P09,South,3,2400
O01917,2025-09-20,P08,East,3,7500
O00675,2025-09-20,P09,West,4,3200
O01537,2025-09-20,P07,East,3,18000
O02639,2025-09-20,P01,North,4,220000
O03110,2025-09-20,P11,South,4,18000
O02700,2025-09-21,P12,West,2,7000
O02906,2025-09-21,P11,South,2,9000
O01371,2025-09-21,P03,East,4,16000
O00572,2025-09-21,P07,West,2,12000
O00362,2025-09-21,P05,East,2,80000
O03360,2025-09-21,P09,South,1,800
O02447,2025-09-21,P02,East,2,60000
O02551,2025-09-21,P06,South,1,12000
O00969,2025-09-21,P11,South,4,18000
O03853,2025-09-21,P02,West,4,120000
O01129,2025-09-21,P02,North,2,60000
O02877,2025-09-21,P05,South,2,80000
O03850,2025-09-22,P04,East,3,75000
O03055,2025-09-22,P04,West,3,75000
O00813,2025-09-22,P11,South,2,9000
O02691,2025-09-22,P10,South,2,4400
O01064,2025-09-22,P08,North,1,2500
O01030,2025-09-22,P05,West,1,40000
O01497,2025-09-22,P03,East,4,16000
O02471,2025-09-22,P04,South,4,100000
O02674,2025-09-22,P04,North,2,50000
O03572,2025-09-23,P05,East,1,40000
O02942,2025-09-23,P04,North,2,50000
O00393,2025-09-23,P01,North,1,55000
O03641,2025-09-23,P04,East,2,50000
O00733,2025-09-23,P02,North,2,60000
O01881,2025-09-23,P01,North,1,55000
O01029,2025-09-23,P03,North,2,8000
O01082,2025-09-23,P08,West,4,10000
O03007,2025-09-23,P12,West,3,10500
O01507,2025-09-23,P09,East,1,800
O00069,2025-09-23,P05,South,4,160000
O02715,2025-09-23,P04,North,3,75000
O01492,2025-09-24,P07,East,1,6000
O02102,2025-09-24,P12,South,3,10500
O02007,2025-09-24,P03,South,1,4000
O00167,2025-09-24,P06,West,3,36000
O00595,2025-09-24,P12,North,1,3500
O03818,2025-09-24,P09,North,4,3200
O00708,2025-09-24,P02,North,4,120000
O01010,2025-09-24,P04,South,4,100000
O03534,2025-09-24,P08,West,4,10000
O01625,2025-09-24,P05,West,4,160000
O02371,2025-09-24,P10,North,2,4400
O01976,2025-09-25,P12,South,3,10500
O02699,2025-09-25,P08,South,4,10000
O01678,2025-09-25,P06,North,3,36000
O00460,2025-09-25,P05,South,4,160000
O03178,2025-09-25,P05,South,1,40000
O00865,2025-09-25,P07,West,2,12000
O01265,2025-09-25,P07,West,2,12000
O01758,2025-09-25,P10,West,2,4400
O03672,2025-09-25,P06,North,1,12000
O00220,2025-09-25,P07,West,2,12000
O00454,2025-09-26,P01,South,2,110000
O00003,2025-09-26,P06,West,3,36000
O00122,2025-09-26,P04,East,4,100000
O02920,2025-09-26,P08,North,1,2500
O03414,2025-09-26,P11,South,3,13500
O02442,2025-09-26,P09,West,3,2400
O02508,2025-09-26,P01,North,2,110000
O00351,2025-09-26,P11,North,2,9000
O01702,2025-09-26,P06,North,3,36000
O01779,2025-09-27,P11,West,4,18000
O03766,2025-09-27,P04,West,2,50000
O00704,2025-09-27,P03,North,4,16000
O00282,2025-09-27,P06,North,1,12000
O02535,2025-09-27,P09,West,4,3200
O02658,2025-09-28,P09,South,4,3200
O03994,2025-09-28,P12,South,1,3500
O01776,2025-09-28,P12,North,4,14000
O01904,2025-09-28,P07,East,4,24000
O03460,2025-09-28,P05,West,1,40000
O02649,2025-09-28,P01,South,4,220000
O03338,2025-09-28,P08,South,2,5000
O00380,2025-09-28,P03,East,3,12000
O01322,2025-09-28,P09,North,2,1600
O03040,2025-09-28,P11,West,3,13500
O00435,2025-09-28,P02,West,1,30000
O02249,2025-09-29,P11,South,2,9000
O00192,2025-09-29,P03,North,3,12000
O03298,2025-09-29,P11,East,3,13500
O03859,2025-09-29,P09,West,1,800
O02273,2025-09-29,P10,East,1,2200
O02272,2025-09-29,P12,East,1,3500
O03762,2025-09-29,P01,South,3,165000
O02339,2025-09-29,P12,South,1,3500
O02264,2025-09-29,P06,North,4,48000
O02281,2025-09-29,P05,South,4,160000
O01638,2025-09-29,P01,South,4,220000
O02677,2025-09-30,P08,West,3,7500
O02121,2025-09-30,P11,North,1,4500
O03643,2025-09-30,P05,West,4,160000
O02598,2025-09-30,P12,South,2,7000
O00757,2025-09-30,P10,South,4,8800
O02782,2025-09-30,P05,South,2,80000
O00527,2025-09-30,P09,West,2,1600
O03761,2025-09-30,P06,West,3,36000
O03037,2025-09-30,P03,West,4,16000
O00922,2025-09-30,P03,South,1,4000
O01254,2025-10-01,P09,North,1,800
O00735,2025-10-01,P12,West,2,7000
O00980,2025-10-01,P10,West,4,8800
O03087,2025-10-01,P04,North,3,75000
O03599,2025-10-01,P10,South,4,8800
O03083,2025-10-01,P05,North,1,40000
O03754,2025-10-01,P06,South,2,24000
O01530,2025-10-01,P02,East,3,90000
O02759,2025-10-01,P07,East,1,6000
O03568,2025-10-01,P10,South,3,6600
O02514,2025-10-01,P05,East,4,160000
O02498,2025-10-01,P11,East,1,4500
O02276,2025-10-01,P10,South,4,8800
O01312,2025-10-02,P10,East,3,6600
O01521,2025-10-02,P05,South,4,160000
O00462,2025-10-02,P05,West,3,120000
O02019,2025-10-02,P01,East,3,165000
O01232,2025-10-02,P08,North,3,7500
O02651,2025-10-02,P01,South,2,110000
O02428,2025-10-02,P02,East,2,60000
O02346,2025-10-02,P04,West,2,50000
O01206,2025-10-02,P12,South,3,10500
O00574,2025-10-03,P05,West,2,80000
O01138,2025-10-03,P06,South,1,12000
O02491,2025-10-03,P08,South,3,7500
O00240,2025-10-03,P07,West,2,12000
O01997,2025-10-03,P05,West,1,40000
O00875,2025-10-03,P09,South,3,2400
O03193,2025-10-03,P07,East,4,24000
O02441,2025-10-03,P10,North,4,8800
O01589,2025-10-03,P01,East,2,110000
O02622,2025-10-03,P05,North,2,80000
O01971,2025-10-04,P11,West,2,9000
O03884,2025-10-04,P09,East,3,2400
O01514,2025-10-04,P08,North,2,5000
O01116,2025-10-04,P12,East,3,10500
O00051,2025-10-04,P10,South,3,6600
O01066,2025-10-04,P02,South,4,120000
O03698,2025-10-04,P07,South,4,24000
O02994,2025-10-05,P05,South,1,40000
O00732,2025-10-05,P03,North,1,4000
O01512,2025-10-05,P10,North,1,2200
O00930,2025-10-05,P12,North,4,14000
O02833,2025-10-05,P11,West,2,9000
O02136,2025-10-05,P10,West,3,6600
O00644,2025-10-06,P12,South,3,10500
O01842,2025-10-06,P05,South,1,40000
O01318,2025-10-06,P06,West,3,36000
O00687,2025-10-06,P02,North,3,90000
O01217,2025-10-06,P07,East,3,18000
O01637,2025-10-06,P12,North,4,14000
O02767,2025-10-06,P08,West,4,10000
O00157,2025-10-06,P06,North,4,48000
O00941,2025-10-06,P06,North,2,24000
O01564,2025-10-06,P10,West,1,2200
O02993,2025-10-06,P02,West,4,120000
O00623,2025-10-06,P10,South,4,8800
O02631,2025-10-07,P08,West,1,2500
O01899,2025-10-07,P09,South,4,3200
O02592,2025-10-07,P09,North,3,2400
O02433,2025-10-07,P09,South,4,3200
O03634,2025-10-07,P08,North,1,2500
O01331,2025-10-07,P04,North,2,50000
O01543,2025-10-07,P02,East,3,90000
O00477,2025-10-07,P10,East,4,8800
O01063,2025-10-07,P11,West,1,4500
O01231,2025-10-07,P10,West,1,2200
O03895,2025-10-08,P03,North,1,4000
O02065,2025-10-08,P09,South,2,1600
O00643,2025-10-08,P08,West,3,7500
O03180,2025-10-08,P06,East,4,48000
O03515,2025-10-08,P12,East,1,3500
O02177,2025-10-08,P05,West,1,40000
O03348,2025-10-08,P11,South,3,13500
O02004,2025-10-08,P10,North,3,6600
O03239,2025-10-09,P06,South,4,48000
O01883,2025-10-09,P02,West,4,120000
O00944,2025-10-09,P04,South,4,100000
O00689,2025-10-09,P03,South,1,4000
O00232,2025-10-09,P11,West,3,13500
O00199,2025-10-09,P11,South,3,13500
O01968,2025-10-09,P10,West,2,4400
O01832,2025-10-09,P01,West,2,110000
O02610,2025-10-09,P07,East,2,12000
O01762,2025-10-09,P07,North,4,24000
O01104,2025-10-09,P09,North,2,1600
O00971,2025-10-09,P10,North,4,8800
O03203,2025-10-09,P12,West,1,3500
O02047,2025-10-10,P08,South,1,2500
O02049,2025-10-10,P05,North,3,120000
O01142,2025-10-10,P11,South,2,9000
O00403,2025-10-10,P07,West,3,18000
O01200,2025-10-10,P06,North,4,48000
O01346,2025-10-10,P08,North,1,2500
O03067,2025-10-10,P10,West,2,4400
O00509,2025-10-10,P09,East,1,800
O01852,2025-10-10,P08,South,1,2500
O00180,2025-10-11,P08,West,3,7500
O00184,2025-10-11,P02,West,1,30000
O03524,2025-10-11,P10,North,3,6600
O03468,2025-10-11,P12,North,4,14000
O01571,2025-10-12,P11,North,2,9000
O01098,2025-10-12,P12,South,3,10500
O03512,2025-10-12,P02,South,4,120000
O02159,2025-10-12,P04,North,3,75000
O03307,2025-10-12,P11,East,2,9000
O00538,2025-10-12,P05,South,1,40000
O03747,2025-10-12,P12,South,3,10500
O00024,2025-10-12,P05,North,2,80000
O02861,2025-10-12,P01,South,1,55000
O03369,2025-10-12,P09,East,4,3200
O00006,2025-10-13,P10,South,3,6600
O03112,2025-10-13,P05,East,2,80000
O01855,2025-10-13,P09,South,4,3200
O00927,2025-10-13,P09,North,2,1600
O03168,2025-10-13,P06,South,2,24000
O01170,2025-10-14,P04,West,3,75000
O01673,2025-10-14,P11,South,2,9000
O00208,2025-10-14,P10,South,4,8800
O03919,2025-10-14,P03,West,2,8000
O03877,2025-10-14,P11,West,2,9000
O01608,2025-10-14,P07,East,4,24000
O00870,2025-10-14,P03,South,1,4000
O00956,2025-10-14,P10,North,1,2200
O02379,2025-10-14,P02,South,4,120000
O01173,2025-10-14,P09,East,3,2400
O02926,2025-10-15,P11,East,2,9000
O00501,2025-10-15,P08,West,4,10000
O02198,2025-10-15,P11,East,3,13500
O01013,2025-10-15,P12,East,2,7000
O00895,2025-10-15,P12,West,3,10500
O01663,2025-10-15,P04,East,4,100000
O00583,2025-10-15,P06,South,4,48000
O01616,2025-10-15,P01,South,2,110000
O01309,2025-10-16,P08,West,4,10000
O02743,2025-10-16,P12,South,1,3500
O03043,2025-10-16,P06,East,2,24000
O01076,2025-10-16,P12,North,3,10500
O01960,2025-10-16,P07,East,1,6000
O02961,2025-10-17,P07,North,2,12000
O02548,2025-10-17,P07,South,2,12000
O00357,2025-10-17,P10,North,2,4400
O03492,2025-10-17,P06,North,4,48000
O01867,2025-10-17,P01,North,4,220000
O02848,2025-10-17,P09,West,3,2400
O02661,2025-10-17,P10,North,3,6600
O00438,2025-10-17,P04,North,4,100000
O03004,2025-10-17,P11,North,4,18000
O03827,2025-10-17,P10,South,2,4400
O03143,2025-10-17,P11,South,1,4500
O01569,2025-10-17,P03,West,2,8000
O01896,2025-10-18,P02,North,1,30000
O00152,2025-10-18,P12,East,4,14000
O01468,2025-10-18,P10,South,3,6600
O01633,2025-10-18,P06,South,2,24000
O00107,2025-10-18,P10,West,3,6600
O03493,2025-10-18,P10,South,1,2200
O02476,2025-10-18,P07,South,4,24000
O01550,2025-10-18,P10,West,1,2200
O03014,2025-10-18,P06,North,3,36000
O02179,2025-10-19,P12,South,1,3500
O01558,2025-10-19,P01,South,2,110000
O03764,2025-10-19,P12,West,3,10500
O01457,2025-10-19,P06,East,3,36000
O00759,2025-10-19,P06,North,2,24000
O00937,2025-10-19,P09,West,1,800
O01628,2025-10-19,P10,East,4,8800
O02483,2025-10-19,P04,East,1,25000
O02148,2025-10-19,P09,South,1,800
O01350,2025-10-19,P07,West,1,6000
O02969,2025-10-19,P09,West,4,3200
O01859,2025-10-20,P05,North,2,80000
O00504,2025-10-20,P06,East,4,48000
O03027,2025-10-20,P11,West,4,18000
O01338,2025-10-20,P05,West,1,40000
O00187,2025-10-20,P10,North,1,2200
O00878,2025-10-20,P04,West,2,50000
O00151,2025-10-20,P11,West,3,13500
O01570,2025-10-20,P09,East,2,1600
O00461,2025-10-21,P12,West,4,14000
O02302,2025-10-21,P06,West,4,48000
O01672,2025-10-21,P02,East,2,60000
O00121,2025-10-21,P07,East,4,24000
O01221,2025-10-22,P06,East,3,36000
O00293,2025-10-22,P05,West,4,160000
O01868,2025-10-22,P07,West,4,24000
O03097,2025-10-22,P11,West,1,4500
O00923,2025-10-22,P10,North,4,8800
O02360,2025-10-22,P01,North,2,110000
O01110,2025-10-22,P11,South,1,4500
O01413,2025-10-22,P06,South,3,36000
O00063,2025-10-22,P10,East,3,6600
O01684,2025-10-23,P02,West,1,30000
O03094,2025-10-23,P09,North,2,1600
O02039,2025-10-23,P07,East,2,12000
O03350,2025-10-23,P01,West,2,110000
O03258,2025-10-23,P06,East,3,36000
O00889,2025-10-23,P12,North,2,7000
O02386,2025-10-24,P06,West,2,24000
O02714,2025-10-24,P11,North,3,13500
O00657,2025-10-24,P04,East,3,75000
O01403,2025-10-24,P11,West,3,13500
O01180,2025-10-24,P12,East,3,10500
O03525,2025-10-25,P08,South,4,10000
O01534,2025-10-25,P04,South,3,75000
O03287,2025-10-25,P11,South,2,9000
O02529,2025-10-25,P11,West,4,18000
O02536,2025-10-25,P11,West,4,18000
O03114,2025-10-25,P08,North,2,5000
O00700,2025-10-25,P07,South,1,6000
O02191,2025-10-25,P08,East,3,7500
O03503,2025-10-25,P11,South,2,9000
O00339,2025-10-26,P07,East,3,18000
O01410,2025-10-26,P08,South,4,10000
O03222,2025-10-26,P09,West,1,800
O02380,2025-10-26,P01,North,4,220000
O02373,2025-10-26,P12,South,3,10500
O02226,2025-10-26,P02,South,2,60000
O01890,2025-10-26,P06,North,2,24000
O01436,2025-10-27,P09,North,2,1600
O02600,2025-10-27,P08,North,4,10000
O02801,2025-10-27,P06,West,1,12000
O01348,2025-10-27,P07,North,4,24000
O02537,2025-10-27,P11,North,3,13500
O00652,2025-10-28,P12,West,3,10500
O02117,2025-10-28,P01,South,3,165000
O02937,2025-10-28,P06,North,1,12000
O03403,2025-10-28,P09,North,2,1600
O01144,2025-10-28,P02,South,4,120000
O02590,2025-10-28,P12,East,3,10500
O01275,2025-10-28,P11,North,4,18000
O03930,2025-10-29,P10,East,4,8800
O00459,2025-10-29,P08,East,1,2500
O00425,2025-10-29,P05,North,2,80000
O03734,2025-10-29,P10,East,3,6600
O02652,2025-10-29,P12,South,1,3500
O00772,2025-10-29,P07,North,3,18000
O02573,2025-10-29,P05,North,3,120000
O01237,2025-10-29,P04,South,3,75000
O01311,2025-10-29,P08,West,4,10000
O03702,2025-10-29,P07,East,3,18000
O03950,2025-10-30,P08,West,1,2500
O02355,2025-10-30,P12,West,1,3500
O00619,2025-10-30,P03,East,4,16000
O01039,2025-10-30,P05,East,2,80000
O03671,2025-10-30,P05,South,1,40000
O00750,2025-10-30,P11,West,1,4500
O00539,2025-10-30,P09,North,2,1600
O02660,2025-10-30,P08,South,2,5000
O01027,2025-10-31,P12,North,3,10500
O00120,2025-10-31,P07,East,3,18000
O00018,2025-10-31,P07,West,3,18000
O00019,2025-10-31,P12,West,4,14000
O00085,2025-10-31,P11,South,1,4500
O01696,2025-10-31,P11,North,3,13500
O00818,2025-10-31,P07,North,2,12000
O03262,2025-11-01,P03,North,1,4000
O03753,2025-11-01,P11,West,4,18000
O00427,2025-11-01,P11,East,2,9000
O03633,2025-11-01,P08,East,3,7500
O00128,2025-11-01,P12,East,1,3500
O03012,2025-11-01,P07,South,2,12000
O03596,2025-11-01,P05,East,1,40000
O03219,2025-11-01,P03,South,3,12000
O03121,2025-11-02,P08,North,4,10000
O00190,2025-11-02,P11,North,1,4500
O02606,2025-11-02,P09,North,4,3200
O01440,2025-11-03,P01,North,1,55000
O03243,2025-11-03,P08,South,3,7500
O00485,2025-11-03,P11,East,1,4500
O03147,2025-11-03,P11,East,1,4500
O02951,2025-11-03,P03,South,3,12000
O03541,2025-11-03,P04,East,2,50000
O03570,2025-11-03,P04,East,3,75000
O03840,2025-11-03,P08,East,3,7500
O02222,2025-11-04,P12,South,2,7000
O01688,2025-11-04,P11,North,4,18000
O01372,2025-11-04,P07,North,1,6000
O01583,2025-11-04,P08,East,3,7500
O02799,2025-11-04,P06,South,2,24000
O00900,2025-11-04,P06,North,2,24000
O00331,2025-11-04,P07,East,2,12000
O03708,2025-11-04,P04,East,2,50000
O03351,2025-11-05,P12,South,2,7000
O02876,2025-11-05,P07,North,1,6000
O00407,2025-11-05,P07,East,3,18000
O03968,2025-11-05,P11,East,3,13500
O00353,2025-11-05,P05,South,4,160000
O01097,2025-11-05,P02,East,1,30000
O02772,2025-11-05,P05,North,4,160000
O01681,2025-11-05,P03,West,2,8000
O00251,2025-11-05,P02,South,2,60000
O01839,2025-11-06,P05,East,1,40000
O00411,2025-11-06,P06,West,1,12000
O00143,2025-11-06,P10,East,3,6600
O02586,2025-11-06,P03,West,1,4000
O02771,2025-11-06,P01,South,2,110000
O02445,2025-11-06,P12,West,1,3500
O01459,2025-11-06,P11,North,3,13500
O00366,2025-11-06,P12,East,3,10500
O01922,2025-11-06,P01,North,3,165000
O00863,2025-11-06,P09,East,2,1600
O00584,2025-11-07,P12,North,3,10500
O00588,2025-11-07,P02,South,3,90000
O01964,2025-11-07,P09,North,4,3200
O01627,2025-11-07,P08,West,2,5000
O00859,2025-11-07,P05,South,3,120000
O01222,2025-11-07,P07,West,4,24000
O00193,2025-11-07,P01,North,1,55000
O02061,2025-11-07,P09,East,1,800
O00729,2025-11-07,P12,East,4,14000
O03402,2025-11-08,P12,North,2,7000
O00288,2025-11-08,P10,West,2,4400
O01033,2025-11-08,P07,West,1,6000
O02499,2025-11-08,P10,North,4,8800
O03552,2025-11-08,P10,South,1,2200
O00522,2025-11-08,P07,South,1,6000
O03326,2025-11-08,P06,North,4,48000
O00552,2025-11-08,P07,East,4,24000
O00918,2025-11-08,P11,North,3,13500
O03179,2025-11-08,P02,North,1,30000
O01535,2025-11-08,P12,South,2,7000
O01870,2025-11-09,P12,West,2,7000
O03707,2025-11-09,P07,North,1,6000
O03871,2025-11-09,P10,South,3,6600
O03852,2025-11-09,P11,East,4,18000
O02247,2025-11-09,P09,East,3,2400
O00781,2025-11-09,P10,North,1,2200
O03713,2025-11-09,P08,South,2,5000
O02194,2025-11-09,P09,East,2,1600
O01089,2025-11-09,P01,North,3,165000
O03410,2025-11-09,P02,West,2,60000
O00654,2025-11-09,P08,South,3,7500
O03988,2025-11-09,P07,North,4,24000
O03742,2025-11-09,P10,East,4,8800
O02013,2025-11-09,P03,South,1,4000
O00228,2025-11-09,P05,North,2,80000
O00033,2025-11-09,P09,East,2,1600
O02232,2025-11-10,P12,East,3,10500
O01325,2025-11-10,P11,South,3,13500
O00976,2025-11-10,P09,North,3,2400
O00377,2025-11-10,P07,South,4,24000
O03429,2025-11-11,P04,West,4,100000
O01676,2025-11-11,P05,East,1,40000
O01031,2025-11-11,P08,South,4,10000
O01993,2025-11-11,P10,North,2,4400
O00312,2025-11-11,P03,West,2,8000
O00383,2025-11-11,P09,North,1,800
O01563,2025-11-11,P10,North,4,8800
O00629,2025-11-11,P08,North,4,10000
O00147,2025-11-11,P07,East,1,6000
O02410,2025-11-11,P01,North,2,110000
O02777,2025-11-12,P11,South,1,4500
O01134,2025-11-12,P12,West,3,10500
O01707,2025-11-12,P09,North,2,1600
O03822,2025-11-12,P12,South,1,3500
O00183,2025-11-12,P09,West,1,800
O02157,2025-11-12,P08,South,2,5000
O01042,2025-11-12,P08,West,4,10000
O02878,2025-11-12,P06,West,1,12000
O02517,2025-11-12,P03,North,3,12000
O01803,2025-11-12,P08,East,2,5000
O02492,2025-11-12,P10,South,4,8800
O03538,2025-11-13,P11,West,2,9000
O01711,2025-11-13,P05,North,2,80000
O03135,2025-11-13,P04,West,2,50000
O02092,2025-11-13,P08,South,2,5000
O00108,2025-11-13,P12,North,3,10500
O02843,2025-11-13,P01,East,3,165000
O03173,2025-11-14,P10,East,4,8800
O02282,2025-11-14,P07,West,4,24000
O00631,2025-11-14,P07,North,3,18000
O02644,2025-11-14,P10,North,1,2200
O00201,2025-11-15,P05,West,1,40000
O02785,2025-11-15,P02,South,4,120000
O01849,2025-11-15,P12,West,3,10500
O03590,2025-11-15,P10,South,1,2200
O03793,2025-11-15,P10,North,4,8800
O01273,2025-11-15,P10,East,1,2200
O03485,2025-11-15,P04,East,4,100000
O01079,2025-11-15,P06,South,3,36000
O01118,2025-11-15,P10,East,3,6600
O01599,2025-11-15,P10,South,4,8800
O01176,2025-11-16,P08,East,1,2500
O02414,2025-11-16,P06,South,2,24000
O00471,2025-11-16,P07,North,3,18000
O01999,2025-11-16,P09,South,1,800
O01894,2025-11-16,P05,North,3,120000
O02310,2025-11-16,P12,South,4,14000
O03885,2025-11-16,P11,East,3,13500
O00746,2025-11-16,P03,East,2,8000
O00734,2025-11-16,P04,North,3,75000
O02166,2025-11-17,P11,North,4,18000
O01513,2025-11-17,P06,East,2,24000
O02231,2025-11-17,P10,South,1,2200
O00379,2025-11-17,P08,North,2,5000
O01233,2025-11-17,P02,South,1,30000
O00949,2025-11-17,P01,West,2,110000
O03169,2025-11-17,P07,East,4,24000
O00264,2025-11-17,P01,East,3,165000
O03855,2025-11-17,P06,North,2,24000
O03273,2025-11-18,P05,East,4,160000
O00594,2025-11-18,P03,South,3,12000
O03117,2025-11-18,P07,West,3,18000
O01743,2025-11-18,P10,North,3,6600
O01623,2025-11-18,P10,West,4,8800
O02035,2025-11-18,P09,South,3,2400
O03958,2025-11-18,P11,West,1,4500
O01283,2025-11-18,P09,East,3,2400
O01705,2025-11-18,P11,North,3,13500
O01264,2025-11-19,P01,West,3,165000
O01780,2025-11-19,P07,East,2,12000
O00664,2025-11-19,P07,West,4,24000
O01827,2025-11-19,P12,West,2,7000
O00748,2025-11-19,P08,North,4,10000
O02679,2025-11-19,P01,South,1,55000
O02480,2025-11-19,P06,North,2,24000
O02927,2025-11-19,P06,West,1,12000
O00491,2025-11-19,P07,East,3,18000
O03329,2025-11-19,P09,North,1,800
O03678,2025-11-19,P08,East,4,10000
O03041,2025-11-20,P03,East,2,8000
O03687,2025-11-20,P05,East,3,120000
O00302,2025-11-20,P04,South,4,100000
O01141,2025-11-20,P11,South,4,18000
O01038,2025-11-20,P08,South,4,10000
O00291,2025-11-20,P09,East,1,800
O01552,2025-11-21,P05,South,3,120000
O02135,2025-11-21,P10,East,4,8800
O01864,2025-11-21,P08,West,2,5000
O03967,2025-11-21,P08,North,2,5000
O02666,2025-11-21,P06,North,1,12000
O02860,2025-11-21,P05,North,1,40000
O00008,2025-11-21,P09,East,2,1600
O02504,2025-11-21,P07,East,4,24000
O00549,2025-11-21,P05,West,4,160000
O03723,2025-11-22,P02,South,3,90000
O00837,2025-11-22,P07,East,1,6000
O02145,2025-11-22,P07,East,1,6000
O01181,2025-11-22,P08,East,1,2500
O00451,2025-11-22,P08,East,2,5000
O02706,2025-11-22,P08,East,3,7500
O02487,2025-11-22,P03,East,3,12000
O02874,2025-11-22,P08,East,1,2500
O02391,2025-11-23,P09,East,3,2400
O00455,2025-11-23,P04,West,3,75000
O00661,2025-11-23,P10,North,2,4400
O03681,2025-11-23,P08,East,1,2500
O02642,2025-11-23,P12,North,1,3500
O00163,2025-11-24,P12,West,4,14000
O00344,2025-11-24,P03,West,1,4000
O03514,2025-11-24,P05,East,4,160000
O01873,2025-11-24,P11,West,1,4500
O03893,2025-11-24,P12,East,1,3500
O03171,2025-11-24,P05,East,3,120000
O02886,2025-11-24,P06,West,3,36000
O03132,2025-11-24,P04,South,2,50000
O03199,2025-11-25,P04,South,1,25000
O01081,2025-11-25,P02,South,2,60000
O01508,2025-11-25,P08,North,3,7500
O00679,2025-11-25,P02,South,2,60000
O02764,2025-11-25,P08,West,4,10000
O03682,2025-11-25,P06,South,2,24000
O02353,2025-11-25,P02,South,4,120000
O03513,2025-11-26,P10,North,2,4400
O02490,2025-11-26,P09,South,1,800
O02795,2025-11-26,P08,North,1,2500
O03355,2025-11-26,P06,East,4,48000
O00130,2025-11-26,P01,East,4,220000
O03579,2025-11-26,P10,West,4,8800
O03939,2025-11-27,P10,North,2,4400
O01924,2025-11-27,P09,South,2,1600
O03330,2025-11-27,P04,East,4,100000
O02214,2025-11-27,P08,West,1,2500
O03259,2025-11-27,P08,West,4,10000
O01109,2025-11-28,P03,North,2,8000
O03545,2025-11-28,P11,North,3,13500
O01495,2025-11-28,P11,East,2,9000
O00346,2025-11-28,P07,West,3,18000
O02113,2025-11-28,P12,East,1,3500
O03971,2025-11-28,P08,North,2,5000
O01527,2025-11-28,P03,South,4,16000
O02069,2025-11-28,P06,North,3,36000
O01808,2025-11-28,P08,North,3,7500
O02737,2025-11-28,P11,West,2,9000
O02149,2025-11-29,P12,West,1,3500
O00612,2025-11-29,P08,West,1,2500
O02968,2025-11-29,P08,South,2,5000
O01598,2025-11-29,P08,South,4,10000
O03857,2025-11-29,P07,South,4,24000
O03407,2025-11-29,P11,North,4,18000
O02830,2025-11-29,P03,North,4,16000
O03242,2025-11-30,P08,North,4,10000
O02944,2025-11-30,P07,West,2,12000
O01102,2025-11-30,P11,North,2,9000
O01294,2025-11-30,P09,West,4,3200
O01340,2025-11-30,P12,East,1,3500
O03949,2025-11-30,P03,West,3,12000
O00206,2025-11-30,P07,North,4,24000
O01163,2025-11-30,P09,South,1,800
O02406,2025-11-30,P07,East,4,24000
O00932,2025-11-30,P10,South,4,8800
O00739,2025-11-30,P09,South,1,800
O00634,2025-11-30,P07,North,4,24000
O02424,2025-12-01,P11,North,2,9000
O03770,2025-12-01,P07,West,1,6000
O02309,2025-12-01,P05,East,2,80000
O02185,2025-12-01,P08,South,4,10000
O03424,2025-12-01,P06,West,4,48000
O02455,2025-12-01,P09,East,2,1600
O00614,2025-12-01,P08,West,3,7500
O01916,2025-12-01,P12,West,2,7000
O01840,2025-12-01,P08,North,3,7500
O01582,2025-12-01,P04,North,2,50000
O02030,2025-12-02,P08,West,1,2500
O03952,2025-12-02,P05,West,3,120000
O01333,2025-12-02,P04,West,1,25000
O03325,2025-12-02,P07,East,2,12000
O01541,2025-12-02,P06,West,4,48000
O02805,2025-12-02,P08,North,2,5000
O00523,2025-12-02,P03,West,4,16000
O02789,2025-12-02,P08,West,4,10000
O02638,2025-12-02,P05,North,3,120000
O02748,2025-12-02,P12,West,3,10500
O03860,2025-12-02,P07,North,3,18000
O01365,2025-12-02,P11,South,4,18000
O02176,2025-12-02,P05,North,3,120000
O02337,2025-12-03,P12,East,2,7000
O00445,2025-12-03,P04,South,2,50000
O02082,2025-12-03,P12,East,3,10500
O03340,2025-12-03,P05,East,1,40000
O00117,2025-12-03,P07,North,3,18000
O03332,2025-12-04,P08,North,3,7500
O01090,2025-12-04,P10,South,1,2200
O03813,2025-12-04,P06,South,3,36000
O00358,2025-12-04,P09,East,3,2400
O00058,2025-12-04,P10,East,3,6600
O00476,2025-12-04,P01,West,4,220000
O03033,2025-12-05,P07,East,1,6000
O00189,2025-12-05,P09,West,4,3200
O00762,2025-12-05,P08,South,1,2500
O00942,2025-12-05,P10,North,1,2200
O03878,2025-12-05,P12,West,2,7000
O00097,2025-12-05,P10,North,2,4400
O00575,2025-12-05,P12,West,3,10500
O00725,2025-12-06,P10,South,3,6600
O01062,2025-12-06,P05,West,1,40000
O02818,2025-12-06,P06,North,2,24000
O03268,2025-12-06,P06,East,4,48000
O01905,2025-12-06,P07,East,4,24000
O03227,2025-12-06,P06,South,4,48000
O02704,2025-12-06,P07,West,3,18000
O01837,2025-12-06,P03,North,4,16000
O01127,2025-12-06,P12,North,2,7000
O02162,2025-12-07,P06,East,1,12000
O01652,2025-12-07,P12,East,1,3500
O00817,2025-12-07,P07,East,1,6000
O01092,2025-12-07,P12,East,4,14000
O03638,2025-12-07,P09,West,1,800
O01058,2025-12-07,P04,North,3,75000
O00566,2025-12-07,P11,South,2,9000
O03756,2025-12-07,P09,North,4,3200
O03960,2025-12-07,P08,North,4,10000
O00166,2025-12-08,P08,North,2,5000
O00646,2025-12-08,P05,South,1,40000
O01630,2025-12-08,P12,East,4,14000
O01626,2025-12-08,P03,East,2,8000
O01136,2025-12-08,P05,West,4,160000
O00168,2025-12-08,P09,North,4,3200
O00389,2025-12-08,P10,South,2,4400
O02680,2025-12-08,P11,South,3,13500
O00472,2025-12-08,P11,West,4,18000
O03665,2025-12-09,P11,West,4,18000
O03637,2025-12-09,P10,East,3,6600
O00692,2025-12-09,P11,North,3,13500
O03576,2025-12-09,P08,West,2,5000
O03573,2025-12-09,P10,North,3,6600
O01355,2025-12-09,P05,West,1,40000
O02922,2025-12-09,P03,East,2,8000
O02744,2025-12-09,P05,North,4,160000
O00596,2025-12-10,P06,East,2,24000
O03720,2025-12-10,P11,South,1,4500
O02219,2025-12-10,P08,North,3,7500
O03736,2025-12-10,P07,South,4,24000
O00894,2025-12-10,P02,West,3,90000
O00960,2025-12-10,P03,North,2,8000
O02938,2025-12-10,P08,South,2,5000
O03925,2025-12-11,P12,East,4,14000
O02528,2025-12-11,P04,East,4,100000
O01088,2025-12-11,P05,West,1,40000
O00755,2025-12-11,P10,East,1,2200
O02884,2025-12-11,P02,West,2,60000
O03629,2025-12-11,P07,West,1,6000
O03575,2025-12-11,P09,North,4,3200
O00811,2025-12-11,P07,West,2,12000
O01201,2025-12-12,P05,West,3,120000
O03296,2025-12-12,P01,North,4,220000
O03516,2025-12-12,P08,North,3,7500
O00207,2025-12-12,P08,South,3,7500
O02003,2025-12-12,P12,East,4,14000
O03034,2025-12-12,P12,East,2,7000
O03319,2025-12-12,P04,South,2,50000
O03341,2025-12-12,P06,East,3,36000
O00639,2025-12-12,P08,North,2,5000
O02450,2025-12-13,P06,East,3,36000
O00141,2025-12-13,P06,West,4,48000
O00210,2025-12-13,P08,North,4,10000
O02124,2025-12-13,P11,East,2,9000
O03622,2025-12-13,P06,East,3,36000
O03359,2025-12-13,P09,North,1,800
O01175,2025-12-13,P04,South,2,50000
O03772,2025-12-13,P03,East,2,8000
O03861,2025-12-14,P11,West,2,9000
O03235,2025-12-14,P12,West,3,10500
O01903,2025-12-14,P09,East,2,1600
O01433,2025-12-14,P11,South,1,4500
O00856,2025-12-14,P09,East,1,800
O03420,2025-12-14,P07,South,3,18000
O01804,2025-12-14,P12,South,4,14000
O00099,2025-12-15,P09,South,2,1600
O00662,2025-12-15,P07,South,1,6000
O03384,2025-12-15,P11,East,2,9000
O03768,2025-12-15,P08,South,3,7500
O03792,2025-12-15,P03,North,4,16000
O01418,2025-12-15,P06,East,2,24000
O02787,2025-12-15,P07,East,3,18000
O03478,2025-12-16,P11,East,2,9000
O00060,2025-12-16,P02,South,2,60000
O02693,2025-12-16,P10,North,1,2200
O03628,2025-12-16,P05,North,4,160000
O02314,2025-12-16,P12,North,2,7000
O02781,2025-12-16,P05,West,3,120000
O01863,2025-12-16,P11,East,2,9000
O01977,2025-12-16,P08,East,2,5000
O01068,2025-12-16,P10,South,3,6600
O03254,2025-12-16,P05,South,3,120000
O01445,2025-12-16,P10,North,1,2200
O01648,2025-12-17,P08,South,3,7500
O00742,2025-12-17,P06,North,3,36000
O01540,2025-12-17,P03,South,3,12000
O03613,2025-12-17,P05,West,2,80000
O00656,2025-12-17,P10,East,2,4400
O01654,2025-12-17,P06,North,2,24000
O01936,2025-12-17,P09,West,4,3200
O02195,2025-12-17,P11,West,2,9000
O00519,2025-12-18,P06,North,2,24000
O01105,2025-12-18,P05,West,4,160000
O00273,2025-12-18,P01,West,2,110000
O00301,2025-12-18,P07,South,2,12000
O00218,2025-12-18,P09,West,3,2400
O00618,2025-12-18,P03,East,1,4000
O01756,2025-12-18,P09,North,4,3200
O03377,2025-12-18,P10,South,4,8800
O01798,2025-12-18,P07,West,3,18000
O01384,2025-12-18,P08,North,1,2500
O00044,2025-12-18,P04,West,4,100000
O01651,2025-12-18,P05,South,1,40000
O02515,2025-12-18,P05,South,1,40000
O00701,2025-12-19,P05,West,2,80000
O01979,2025-12-19,P11,East,4,18000
O00103,2025-12-19,P11,East,3,13500
O03072,2025-12-19,P12,West,2,7000
O03526,2025-12-19,P08,North,3,7500
O01487,2025-12-19,P12,South,3,10500
O02208,2025-12-19,P01,South,4,220000
O00014,2025-12-20,P11,West,2,9000
O03598,2025-12-20,P12,East,1,3500
O02890,2025-12-20,P04,East,4,100000
O00045,2025-12-20,P10,West,4,8800
O01833,2025-12-20,P12,North,4,14000
O03805,2025-12-20,P12,North,1,3500
O01738,2025-12-20,P08,South,3,7500
O02763,2025-12-20,P10,East,3,6600
O03901,2025-12-20,P09,North,1,800
O00559,2025-12-21,P11,West,2,9000
O01959,2025-12-21,P12,West,2,7000
O00857,2025-12-21,P12,North,4,14000
O00271,2025-12-21,P06,North,1,12000
O00010,2025-12-21,P05,West,4,160000
O03364,2025-12-21,P05,North,4,160000
O01408,2025-12-22,P11,East,4,18000
O01632,2025-12-22,P08,West,2,5000
O03693,2025-12-22,P08,East,3,7500
O03760,2025-12-22,P12,West,2,7000
O00648,2025-12-22,P12,North,1,3500
O03961,2025-12-22,P04,North,3,75000
O03137,2025-12-22,P02,South,4,120000
O03496,2025-12-22,P12,East,1,3500
O03188,2025-12-22,P10,East,3,6600
O00807,2025-12-23,P04,East,2,50000
O01851,2025-12-23,P11,South,1,4500
O00469,2025-12-23,P09,East,2,1600
O00911,2025-12-23,P08,North,1,2500
O00498,2025-12-23,P07,North,2,12000
O01757,2025-12-24,P08,West,2,5000
O03172,2025-12-24,P03,West,3,12000
O03808,2025-12-24,P12,South,1,3500
O00490,2025-12-24,P01,South,1,55000
O03103,2025-12-24,P05,South,3,120000
O00385,2025-12-24,P01,East,2,110000
O03586,2025-12-25,P06,North,4,48000
O00370,2025-12-25,P10,West,2,4400
O02636,2025-12-25,P10,West,1,2200
O03610,2025-12-25,P04,West,2,50000
O00896,2025-12-25,P06,West,1,12000
O00650,2025-12-25,P05,South,2,80000
O00819,2025-12-26,P11,East,4,18000
O01675,2025-12-26,P04,East,2,50000
O01328,2025-12-26,P10,North,4,8800
O00743,2025-12-26,P10,East,2,4400
O01286,2025-12-27,P12,West,1,3500
O03661,2025-12-27,P08,West,2,5000
O02225,2025-12-27,P07,South,4,24000
O02143,2025-12-27,P09,West,3,2400
O01388,2025-12-27,P05,East,3,120000
O02012,2025-12-27,P01,West,3,165000
O03104,2025-12-27,P06,South,1,12000
O01826,2025-12-28,P07,South,3,18000
O01611,2025-12-28,P10,North,1,2200
O01186,2025-12-28,P05,East,1,40000
O03388,2025-12-28,P07,South,1,6000
O02146,2025-12-28,P08,North,3,7500
O00237,2025-12-28,P02,East,3,90000
O01735,2025-12-28,P08,North,3,7500
O00992,2025-12-28,P01,North,1,55000
O00605,2025-12-28,P11,South,2,9000
O02152,2025-12-28,P11,South,3,13500
O01731,2025-12-28,P10,North,2,4400
O01517,2025-12-28,P03,North,4,16000
O02711,2025-12-28,P08,West,3,7500
O02722,2025-12-28,P12,South,3,10500
O00771,2025-12-28,P10,East,1,2200
O03557,2025-12-28,P06,South,1,12000
O02080,2025-12-28,P11,South,1,4500
O03150,2025-12-29,P11,East,1,4500
O00078,2025-12-29,P03,North,4,16000
O00815,2025-12-29,P07,South,4,24000
O02534,2025-12-29,P03,North,2,8000
O01117,2025-12-29,P10,South,2,4400
O01954,2025-12-29,P10,West,1,2200
O01624,2025-12-29,P04,South,4,100000
O01154,2025-12-29,P02,West,4,120000
O02510,2025-12-30,P03,South,4,16000
O02621,2025-12-30,P08,East,4,10000
O01015,2025-12-30,P10,West,2,4400
O03987,2025-12-30,P07,West,1,6000
O01836,2025-12-30,P04,East,4,100000
O03162,2025-12-30,P10,North,2,4400
O00035,2025-12-30,P11,West,2,9000
O01498,2025-12-31,P09,North,3,2400
O00487,2025-12-31,P12,North,1,3500
O01879,2025-12-31,P01,East,2,110000
O03170,2025-12-31,P11,North,1,4500
O01555,2025-12-31,P02,East,1,30000
O02897,2025-12-31,P05,West,2,80000
O01070,2025-12-31,P07,East,1,6000
O02091,2025-12-31,P02,West,4,120000
O01574,2025-12-31,P01,South,1,55000
O01995,2025-12-31,P08,West,4,10000
